source,level,point_index,x,y,n
main,0.1,0,7.5,-5.0868855926235135,4457
main,0.1,1,8.0,-5.172727703419269,4457
main,0.1,2,8.5,-5.217751166436554,4457
main,0.1,3,9.0,-5.219311789268978,4457
main,0.1,4,9.5,-5.17120254859744,4457
main,0.1,5,10.0,-5.0633305281179055,4457
main,0.1,6,10.188991912533002,-5.0,4457
main,0.1,7,10.5,-4.855139906188906,4457
main,0.1,8,11.0,-4.5,4457
main,0.1,9,11.0,-4.5,4457
main,0.1,10,11.316225804734877,-4.0,4457
main,0.1,11,11.401950094867692,-3.5,4457
main,0.1,12,11.322873302258436,-3.0,4457
main,0.1,13,11.103589990794234,-2.5,4457
main,0.1,14,11.0,-2.356049768679522,4457
main,0.1,15,10.751135908103127,-2.0,4457
main,0.1,16,10.5,-1.746883482073272,4457
main,0.1,17,10.25248689846141,-1.5,4457
main,0.1,18,10.0,-1.3079500414679357,4457
main,0.1,19,9.569041666287712,-1.0,4457
main,0.1,20,9.5,-0.9599171525542528,4457
main,0.1,21,9.0,-0.6930145535193691,4457
main,0.1,22,8.574370306795554,-0.5,4457
main,0.1,23,8.5,-0.47109747624660636,4457
main,0.1,24,8.0,-0.30875894605391313,4457
main,0.1,25,7.5,-0.19269535797646076,4457
main,0.1,26,7.0,-0.1270513175667814,4457
main,0.1,27,6.5,-0.11847478060704475,4457
main,0.1,28,6.0,-0.17733517844273283,4457
main,0.1,29,5.5,-0.3198311844613105,4457
main,0.1,30,5.138992622256893,-0.5,4457
main,0.1,31,5.0,-0.5825593803466314,4457
main,0.1,32,4.54261842281034,-1.0,4457
main,0.1,33,4.5,-1.0571121445736393,4457
main,0.1,34,4.252724062230586,-1.5,4457
main,0.1,35,4.1243557865249505,-2.0,4457
main,0.1,36,4.143533632787209,-2.5,4457
main,0.1,37,4.304483766780489,-3.0,4457
main,0.1,38,4.5,-3.3370767916176876,4457
main,0.1,39,4.61778030715076,-3.5,4457
main,0.1,40,5.0,-3.90201459652208,4457
main,0.1,41,5.118683366448865,-4.0,4457
main,0.1,42,5.5,-4.280888579371224,4457
main,0.1,43,5.879580399519379,-4.5,4457
main,0.1,44,6.0,-4.567820170080144,4457
main,0.1,45,6.5,-4.787886521831801,4457
main,0.1,46,7.0,-4.958940482092927,4457
main,0.1,47,7.164227063421423,-5.0,4457
main,0.1,48,7.5,-5.0868855926235135,4457
main,0.2,0,11.0,-7.006389635273441,4457
main,0.2,1,11.14216185852919,-7.0,4457
main,0.2,2,11.5,-6.982611598495175,4457
main,0.2,3,12.0,-6.923731776897557,4457
main,0.2,4,12.5,-6.822807644936311,4457
main,0.2,5,13.0,-6.670921393948776,4457
main,0.2,6,13.408114870504193,-6.5,4457
main,0.2,7,13.5,-6.4510500155204795,4457
main,0.2,8,13.999999999999998,-6.114157938801027,4457
main,0.2,9,14.137559499833305,-6.0,4457
main,0.2,10,14.5,-5.547840391250594,4457
main,0.2,11,14.533371287747297,-5.5,4457
main,0.2,12,14.737481318445711,-5.0,4457
main,0.2,13,14.801713830358299,-4.5,4457
main,0.2,14,14.754028298899453,-4.0,4457
main,0.2,15,14.607483621904349,-3.5,4457
main,0.2,16,14.499999999999998,-3.2797868745765806,4457
main,0.2,17,14.372496591921017,-3.0,4457
main,0.2,18,14.048268496148767,-2.5,4457
main,0.2,19,14.0,-2.4426340194288585,4457
main,0.2,20,13.63893046789483,-2.0,4457
main,0.2,21,13.5,-1.8637054625447977,4457
main,0.2,22,13.132497712682497,-1.5,4457
main,0.2,23,13.0,-1.3911107852151956,4457
main,0.2,24,12.515461187004316,-1.0,4457
main,0.2,25,12.5,-0.9892784535077832,4457
main,0.2,26,12.0,-0.647718635736864,4457
main,0.2,27,11.771721754051704,-0.5,4457
main,0.2,28,11.5,-0.34464379385470645,4457
main,0.2,29,11.0,-0.0794587758880187,4457
main,0.2,30,10.839372255575535,0.0,4457
main,0.2,31,10.5,0.1535076337995114,4457
main,0.2,32,10.0,0.35478466835771433,4457
main,0.2,33,9.57994580015647,0.5,4457
main,0.2,34,9.5,0.5263996858336644,4457
main,0.2,35,9.0,0.6719090387974191,4457
main,0.2,36,8.5,0.7862710223698461,4457
main,0.2,37,8.0,0.8689873395813539,4457
main,0.2,38,7.5,0.9187572823786292,4457
main,0.2,39,7.0,0.9330866818653876,4457
main,0.2,40,6.5,0.907622999025272,4457
main,0.2,41,6.0,0.8349722235286887,4457
main,0.2,42,5.5,0.7024956710116217,4457
main,0.2,43,5.0262951042879,0.5,4457
main,0.2,44,5.0,0.4888902910459657,4457
main,0.2,45,4.5,0.18049129959462926,4457
main,0.2,46,4.291092501052797,0.0,4457
main,0.2,47,4.0,-0.2900398745150925,4457
main,0.2,48,3.832322007207787,-0.5,4457
main,0.2,49,3.5317487075494935,-1.0,4457
main,0.2,50,3.5,-1.0779331672085677,4457
main,0.2,51,3.339909481918543,-1.5,4457
main,0.2,52,3.247100216956113,-2.0,4457
main,0.2,53,3.2441492923002446,-2.5,4457
main,0.2,54,3.3314677100800316,-3.0,4457
main,0.2,55,3.5,-3.4617939031452734,4457
main,0.2,56,3.5155554551426844,-3.5,4457
main,0.2,57,3.8026859030536677,-4.0,4457
main,0.2,58,4.0,-4.265620493671819,4457
main,0.2,59,4.207588763527819,-4.5,4457
main,0.2,60,4.5,-4.794912305285713,4457
main,0.2,61,4.748200902885518,-5.0,4457
main,0.2,62,5.0,-5.203192395167942,4457
main,0.2,63,5.452532119823006,-5.5,4457
main,0.2,64,5.5,-5.532134218131083,4457
main,0.2,65,6.0,-5.818172158130222,4457
main,0.2,66,6.3896562280389215,-6.0,4457
main,0.2,67,6.499999999999999,-6.055690103928848,4457
main,0.2,68,7.0,-6.267280866458819,4457
main,0.2,69,7.5,-6.4420787694947155,4457
main,0.2,70,7.699941012660781,-6.5,4457
main,0.2,71,8.0,-6.5963777186593004,4457
main,0.2,72,8.5,-6.726445284699084,4457
main,0.2,73,9.0,-6.8303850902197105,4457
main,0.2,74,9.5,-6.910473396150453,4457
main,0.2,75,10.0,-6.9673023992770045,4457
main,0.2,76,10.5,-7.0,4457
main,0.2,77,10.5,-7.0,4457
main,0.2,78,11.0,-7.006389635273441,4457
main,0.3,0,10.0,-8.530955380610582,4457
main,0.3,1,10.5,-8.647340821783505,4457
main,0.3,2,11.0,-8.744898551446138,4457
main,0.3,3,11.5,-8.825103214726084,4457
main,0.3,4,12.0,-8.888634287693202,4457
main,0.3,5,12.5,-8.935466677203111,4457
main,0.3,6,13.0,-8.964923656286524,4457
main,0.3,7,13.5,-8.975699620659892,4457
main,0.3,8,14.0,-8.96585714153505,4457
main,0.3,9,14.5,-8.9328004048031,4457
main,0.3,10,15.0,-8.873225071852897,4457
main,0.3,11,15.5,-8.783042646614469,4457
main,0.3,12,16.0,-8.65727539027942,4457
main,0.3,13,16.472406026923665,-8.5,4457
main,0.3,14,16.5,-8.48937307840198,4457
main,0.3,15,17.0,-8.258617418706546,4457
main,0.3,16,17.439248373385404,-8.0,4457
main,0.3,17,17.5,-7.9550527260517665,4457
main,0.3,18,18.0,-7.520358550301806,4457
main,0.3,19,18.020576974947083,-7.5,4457
main,0.3,20,18.390593808083636,-7.0,4457
main,0.3,21,18.5,-6.763361667210738,4457
main,0.3,22,18.61436993728559,-6.5,4457
main,0.3,23,18.726096080030285,-6.0,4457
main,0.3,24,18.743838975091606,-5.5,4457
main,0.3,25,18.68014299555947,-5.0,4457
main,0.3,26,18.54109141522778,-4.5,4457
main,0.3,27,18.5,-4.404162519800358,4457
main,0.3,28,18.338390208723197,-4.0,4457
main,0.3,29,18.065913725538266,-3.5,4457
main,0.3,30,18.0,-3.4047586295723056,4457
main,0.3,31,17.732748362894945,-3.0,4457
main,0.3,32,17.5,-2.714677899872487,4457
main,0.3,33,17.330939245996703,-2.5,4457
main,0.3,34,17.0,-2.1504379612036466,4457
main,0.3,35,16.860621844083035,-2.0,4457
main,0.3,36,16.5,-1.6682426723416734,4457
main,0.3,37,16.31819620113523,-1.5,4457
main,0.3,38,16.0,-1.2432211851881414,4457
main,0.3,39,15.694886154451194,-1.0,4457
main,0.3,40,15.5,-0.8614798023903683,4457
main,0.3,41,15.0,-0.516424672234123,4457
main,0.3,42,14.97606708509105,-0.5,4457
main,0.3,43,14.5,-0.20329997986493026,4457
main,0.3,44,14.153282748071843,0.0,4457
main,0.3,45,14.0,0.08360392523791023,4457
main,0.3,46,13.5,0.3458741589672878,4457
main,0.3,47,13.183937875297783,0.5,4457
main,0.3,48,13.000000000000002,0.5854621690792325,4457
main,0.3,49,12.5,0.8050652215949139,4457
main,0.3,50,12.0,1.0,4457
main,0.3,51,12.0,1.0,4457
main,0.3,52,11.5,1.183318914265735,4457
main,0.3,53,11.0,1.3428223171921416,4457
main,0.3,54,10.5,1.4793083509395313,4457
main,0.3,55,10.415161939898695,1.5,4457
main,0.3,56,10.0,1.60424034921387,4457
main,0.3,57,9.5,1.7081961307331754,4457
main,0.3,58,9.0,1.7890324322670628,4457
main,0.3,59,8.5,1.846534317472427,4457
main,0.3,60,8.0,1.8799739165366762,4457
main,0.3,61,7.5,1.887866523213685,4457
main,0.3,62,7.0,1.8675644711039956,4457
main,0.3,63,6.5,1.8145619847963537,4457
main,0.3,64,6.0,1.7212817394916233,4457
main,0.3,65,5.5,1.5749480677430707,4457
main,0.3,66,5.321111916240357,1.5,4457
main,0.3,67,5.0,1.3793363384164217,4457
main,0.3,68,4.5,1.108303264997145,4457
main,0.3,69,4.349002083892748,1.0,4457
main,0.3,70,4.0,0.7431630472542092,4457
main,0.3,71,3.7423865494469633,0.5,4457
main,0.3,72,3.5,0.23595795404126202,4457
main,0.3,73,3.309333140192517,0.0,4457
main,0.3,74,3.007439274121846,-0.5,4457
main,0.3,75,3.0,-0.5162370478025284,4457
main,0.3,76,2.775508615329111,-1.0,4457
main,0.3,77,2.6396300661829533,-1.5,4457
main,0.3,78,2.5710358573073884,-2.0,4457
main,0.3,79,2.5587015147815557,-2.5,4457
main,0.3,80,2.603780303396586,-3.0,4457
main,0.3,81,2.7138044293070607,-3.5,4457
main,0.3,82,2.9003769743672714,-4.0,4457
main,0.3,83,3.0,-4.199687086422507,4457
main,0.3,84,3.162135463627054,-4.5,4457
main,0.3,85,3.5,-4.9849516336900015,4457
main,0.3,86,3.512038955366714,-5.0,4457
main,0.3,87,3.95206679199598,-5.5,4457
main,0.3,88,4.0,-5.550804567127553,4457
main,0.3,89,4.499813740691561,-6.0,4457
main,0.3,90,4.5,-6.00016631815489,4457
main,0.3,91,5.0,-6.390157749457405,4457
main,0.3,92,5.170313899937376,-6.5,4457
main,0.3,93,5.5,-6.7260486269053725,4457
main,0.3,94,5.982924437209298,-7.0,4457
main,0.3,95,6.0,-7.0105384463236255,4457
main,0.3,96,6.5,-7.283421769917508,4457
main,0.3,97,6.977182943421416,-7.5,4457
main,0.3,98,7.000000000000001,-7.511543337430368,4457
main,0.3,99,7.5,-7.735428088570618,4457
main,0.3,100,8.0,-7.92560646536336,4457
main,0.3,101,8.224255269945889,-8.0,4457
main,0.3,102,8.5,-8.103464903109332,4457
main,0.3,103,9.0,-8.265847090427172,4457
main,0.3,104,9.5,-8.405993375770441,4457
main,0.3,105,9.887436361872046,-8.5,4457
main,0.3,106,10.0,-8.530955380610582,4457
main,0.4,0,14.0,-11.07395203637369,4457
main,0.4,1,14.5,-11.150143648905832,4457
main,0.4,2,15.0,-11.21288374674127,4457
main,0.4,3,15.5,-11.262238122295003,4457
main,0.4,4,16.0,-11.297933886021255,4457
main,0.4,5,16.5,-11.319372340592748,4457
main,0.4,6,17.0,-11.325634699067756,4457
main,0.4,7,17.5,-11.315481360231015,4457
main,0.4,8,18.0,-11.287345039184594,4457
main,0.4,9,18.5,-11.239317644478025,4457
main,0.4,10,19.0,-11.169130382911725,4457
main,0.4,11,19.5,-11.074126151119659,4457
main,0.4,12,19.80997245521489,-11.0,4457
main,0.4,13,20.0,-10.95063723860322,4457
main,0.4,14,20.5,-10.79282730829754,4457
main,0.4,15,21.0,-10.596049408241491,4457
main,0.4,16,21.209300627969355,-10.5,4457
main,0.4,17,21.5,-10.346370554222274,4457
main,0.4,18,22.0,-10.032923041537634,4457
main,0.4,19,22.047102085936977,-10.0,4457
main,0.4,20,22.5,-9.613490793921446,4457
main,0.4,21,22.61846924568467,-9.5,4457
main,0.4,22,23.0,-9.024406932522785,4457
main,0.4,23,23.018070362968633,-9.0,4457
main,0.4,24,23.29418901438242,-8.5,4457
main,0.4,25,23.46722161833021,-8.0,4457
main,0.4,26,23.5,-7.821978359512516,4457
main,0.4,27,23.55837134069336,-7.5,4457
main,0.4,28,23.57675128766696,-7.0,4457
main,0.4,29,23.529067862698643,-6.5,4457
main,0.4,30,23.5,-6.368768543392698,4457
main,0.4,31,23.42420781291744,-6.0,4457
main,0.4,32,23.26492462733046,-5.5,4457
main,0.4,33,23.048844421595444,-5.0,4457
main,0.4,34,23.0,-4.910871970680022,4457
main,0.4,35,22.78644484499163,-4.5,4457
main,0.4,36,22.5,-4.052777996725876,4457
main,0.4,37,22.46772972946671,-4.0,4457
main,0.4,38,22.102435469978147,-3.5,4457
main,0.4,39,22.0,-3.38012177491451,4457
main,0.4,40,21.68447450459944,-3.0,4457
main,0.4,41,21.5,-2.80734214228338,4457
main,0.4,42,21.211540597243832,-2.5,4457
main,0.4,43,21.0,-2.301541869578421,4457
main,0.4,44,20.681740699677142,-2.0,4457
main,0.4,45,20.5,-1.8460599435586003,4457
main,0.4,46,20.090843758248173,-1.5,4457
main,0.4,47,20.0,-1.430272908362546,4457
main,0.4,48,19.5,-1.0485123766192466,4457
main,0.4,49,19.436338563813063,-1.0,4457
main,0.4,50,19.0,-0.6947361120874057,4457
main,0.4,51,18.713574348971683,-0.5,4457
main,0.4,52,18.5,-0.3645974884127179,4457
main,0.4,53,18.0,-0.057204404704926215,4457
main,0.4,54,17.905521176925156,0.0,4457
main,0.4,55,17.5,0.2321113036555254,4457
main,0.4,56,17.0,0.5,4457
main,0.4,57,17.0,0.5,4457
main,0.4,58,16.5,0.7557162178765597,4457
main,0.4,59,16.0,0.9897456548109531,4457
main,0.4,60,15.97773575506942,1.0,4457
main,0.4,61,15.5,1.2151731307556266,4457
main,0.4,62,15.0,1.4204553201983168,4457
main,0.4,63,14.795395063997578,1.5,4457
main,0.4,64,14.5,1.6147855784145275,4457
main,0.4,65,14.0,1.7958025757179115,4457
main,0.4,66,13.5,1.9577718485881466,4457
main,0.4,67,13.361324463912869,2.0,4457
main,0.4,68,13.0,2.1133103270597426,4457
main,0.4,69,12.5,2.255195853543457,4457
main,0.4,70,12.0,2.3793435753956493,4457
main,0.4,71,11.5,2.4863589734019156,4457
main,0.4,72,11.429212042139152,2.5,4457
main,0.4,73,11.0,2.5894361131501986,4457
main,0.4,74,10.5,2.677108614641999,4457
main,0.4,75,10.0,2.7473747219335514,4457
main,0.4,76,9.5,2.8001723179121005,4457
main,0.4,77,9.0,2.8351519202347153,4457
main,0.4,78,8.5,2.8515628150880965,4457
main,0.4,79,8.0,2.84807488603989,4457
main,0.4,80,7.5,2.8224937158097885,4457
main,0.4,81,7.0,2.771297761487639,4457
main,0.4,82,6.500000000000001,2.688878834671651,4457
main,0.4,83,6.0,2.566290602883206,4457
main,0.4,84,5.8050737262534335,2.5,4457
main,0.4,85,5.5,2.4145497013701167,4457
main,0.4,86,5.0,2.22112096930944,4457
main,0.4,87,4.589808236722524,2.0,4457
main,0.4,88,4.5,1.9564229179214578,4457
main,0.4,89,4.0,1.6421708652792466,4457
main,0.4,90,3.8194674772663353,1.5,4457
main,0.4,91,3.5,1.2404142490572831,4457
main,0.4,92,3.2458317736447464,1.0,4457
main,0.4,93,3.0,0.7327410323306875,4457
main,0.4,94,2.7936979835004934,0.5,4457
main,0.4,95,2.5,0.06432713987413695,4457
main,0.4,96,2.455812723176495,0.0,4457
main,0.4,97,2.203242032733827,-0.5,4457
main,0.4,98,2.0687961762300815,-1.0,4457
main,0.4,99,2.0026743329219716,-1.5,4457
main,0.4,100,2.0,-1.5392746849156012,4457
main,0.4,101,1.9608367018093893,-2.0,4457
main,0.4,102,1.952459668561095,-2.5,4457
main,0.4,103,1.98248901995863,-3.0,4457
main,0.4,104,2.0,-3.119734364445967,4457
main,0.4,105,2.0464421621140514,-3.5,4457
main,0.4,106,2.155106073147036,-4.0,4457
main,0.4,107,2.325769652071341,-4.5,4457
main,0.4,108,2.5,-4.871053295414253,4457
main,0.4,109,2.5625737528641026,-5.0,4457
main,0.4,110,2.855448203624806,-5.5,4457
main,0.4,111,3.0,-5.709094685040474,4457
main,0.4,112,3.2228371847263593,-6.0,4457
main,0.4,113,3.5,-6.326112451918036,4457
main,0.4,114,3.669076863687843,-6.5,4457
main,0.4,115,4.0,-6.829921327526277,4457
main,0.4,116,4.198709907050496,-7.0,4457
main,0.4,117,4.5,-7.2622955986278965,4457
main,0.4,118,4.82090203511647,-7.5,4457
main,0.4,119,5.0,-7.639359284068962,4457
main,0.4,120,5.5,-7.973017814766709,4457
main,0.4,121,5.54575743016288,-8.0,4457
main,0.4,122,6.0,-8.292255031973017,4457
main,0.4,123,6.382642764489006,-8.5,4457
main,0.4,124,6.5,-8.570301865218445,4457
main,0.4,125,7.0,-8.83813878729697,4457
main,0.4,126,7.349871827038537,-9.0,4457
main,0.4,127,7.500000000000001,-9.077796344862325,4457
main,0.4,128,8.0,-9.310320244724869,4457
main,0.4,129,8.469612964747654,-9.5,4457
main,0.4,130,8.5,-9.513854464740568,4457
main,0.4,131,9.0,-9.72206639816379,4457
main,0.4,132,9.5,-9.904738379450638,4457
main,0.4,133,9.790550393505585,-10.0,4457
main,0.4,134,10.0,-10.07788595464744,4457
main,0.4,135,10.5,-10.245042398871828,4457
main,0.4,136,11.0,-10.393750839413723,4457
main,0.4,137,11.398221651340549,-10.5,4457
main,0.4,138,11.5,-10.530765549308548,4457
main,0.4,139,12.0,-10.66590180923407,4457
main,0.4,140,12.5,-10.78565988172841,4457
main,0.4,141,13.0,-10.89176182819147,4457
main,0.4,142,13.5,-10.985433604381907,4457
main,0.4,143,13.59056509992043,-11.0,4457
main,0.4,144,14.0,-11.07395203637369,4457
main,0.5,0,21.5,-14.50056793890213,4457
main,0.5,1,21.999999999999996,-14.502838887949547,4457
main,0.5,2,22.128519834897663,-14.5,4457
main,0.5,3,22.5,-14.491754039879812,4457
main,0.5,4,23.0,-14.466518700851108,4457
main,0.5,5,23.5,-14.42574152700719,4457
main,0.5,6,24.0,-14.36797405261985,4457
main,0.5,7,24.5,-14.291589282018812,4457
main,0.5,8,25.0,-14.194771286525627,4457
main,0.5,9,25.5,-14.07550098059995,4457
main,0.5,10,25.769777960615656,-14.0,4457
main,0.5,11,26.0,-13.93090349151703,4457
main,0.5,12,26.5,-13.756999017810234,4457
main,0.5,13,27.0,-13.550889873878958,4457
main,0.5,14,27.111096711703226,-13.5,4457
main,0.5,15,27.5,-13.30196242502481,4457
main,0.5,16,28.0,-13.007096044519525,4457
main,0.5,17,28.011105339639172,-13.0,4457
main,0.5,18,28.5,-12.640258264897597,4457
main,0.5,19,28.67161299523449,-12.5,4457
main,0.5,20,29.0,-12.179796677172664,4457
main,0.5,21,29.170162054673348,-12.0,4457
main,0.5,22,29.5,-11.564382122411084,4457
main,0.5,23,29.545940565779226,-11.5,4457
main,0.5,24,29.82551610638324,-11.0,4457
main,0.5,25,30.000000000000004,-10.554890266434043,4457
main,0.5,26,30.020903556388213,-10.5,4457
main,0.5,27,30.148570926520996,-10.0,4457
main,0.5,28,30.213094133530902,-9.5,4457
main,0.5,29,30.221642068240854,-9.0,4457
main,0.5,30,30.179351489563153,-8.5,4457
main,0.5,31,30.089557851883036,-8.0,4457
main,0.5,32,30.0,-7.671033025522604,4457
main,0.5,33,29.95614602707981,-7.5,4457
main,0.5,34,29.783915968587998,-7.0,4457
main,0.5,35,29.567460562196306,-6.5,4457
main,0.5,36,29.5,-6.371112002514387,4457
main,0.5,37,29.314464996841203,-6.0,4457
main,0.5,38,29.017192999417396,-5.5,4457
main,0.5,39,29.0,-5.474964668366807,4457
main,0.5,40,28.6853808679012,-5.0,4457
main,0.5,41,28.5,-4.757028562873435,4457
main,0.5,42,28.30996118786956,-4.5,4457
main,0.5,43,28.0,-4.13193961234649,4457
main,0.5,44,27.891765271406342,-4.0,4457
main,0.5,45,27.5,-3.5761712451415213,4457
main,0.5,46,27.431018971688726,-3.5,4457
main,0.5,47,27.0,-3.0731006514693266,4457
main,0.5,48,26.927228822570267,-3.0,4457
main,0.5,49,26.5,-2.6109716406055328,4457
main,0.5,50,26.37899630107421,-2.5,4457
main,0.5,51,26.0,-2.1815867637148365,4457
main,0.5,52,25.783747802396796,-2.0,4457
main,0.5,53,25.5,-1.7794206113403295,4457
main,0.5,54,25.13735771844844,-1.5,4457
main,0.5,55,25.0,-1.4009927537553415,4457
main,0.5,56,24.5,-1.0442455704649218,4457
main,0.5,57,24.437895426094276,-1.0,4457
main,0.5,58,24.0,-0.7057553276048538,4457
main,0.5,59,23.685185622989078,-0.5,4457
main,0.5,60,23.5,-0.38464493677951617,4457
main,0.5,61,23.0,-0.07968817596518185,4457
main,0.5,62,22.867279234573243,0.0,4457
main,0.5,63,22.5,0.212061471327482,4457
main,0.5,64,22.0,0.48709496993219253,4457
main,0.5,65,21.976450647813383,0.5,4457
main,0.5,66,21.5,0.7535228247320145,4457
main,0.5,67,21.004645963173825,1.0,4457
main,0.5,68,21.0,1.0022701372807048,4457
main,0.5,69,20.5,1.2454787557119364,4457
main,0.5,70,20.0,1.4710296143287325,4457
main,0.5,71,19.93471741399071,1.5,4457
main,0.5,72,19.5,1.6917054557354916,4457
main,0.5,73,19.0,1.8973202281386972,4457
main,0.5,74,18.737760024190866,2.0,4457
main,0.5,75,18.5,2.0938624652237587,4457
main,0.5,76,18.0,2.282528932172517,4457
main,0.5,77,17.5,2.4555140928624954,4457
main,0.5,78,17.36642557520309,2.5,4457
main,0.5,79,17.0,2.6254292439448257,4457
main,0.5,80,16.5,2.7848723430705498,4457
main,0.5,81,16.0,2.9298530273922436,4457
main,0.5,82,15.741411197188352,3.0,4457
main,0.5,83,15.5,3.0690225770074617,4457
main,0.5,84,15.0,3.2032204361169083,4457
main,0.5,85,14.5,3.3239578190142707,4457
main,0.5,86,14.0,3.4317158275519226,4457
main,0.5,87,13.648448634297853,3.5,4457
main,0.5,88,13.5,3.531569748573051,4457
main,0.5,89,13.0,3.6297103062360923,4457
main,0.5,90,12.5,3.715148184092593,4457
main,0.5,91,12.0,3.788108143211651,4457
main,0.5,92,11.5,3.8487279836618398,4457
main,0.5,93,11.0,3.8970376392118045,4457
main,0.5,94,10.5,3.9329303479974023,4457
main,0.5,95,10.0,3.956121882067404,4457
main,0.5,96,9.5,3.966091413978392,4457
main,0.5,97,9.0,3.961993795607217,4457
main,0.5,98,8.5,3.9425268244258733,4457
main,0.5,99,8.0,3.905726404236998,4457
main,0.5,100,7.5,3.8486442007407686,4457
main,0.5,101,7.0,3.7668356334560786,4457
main,0.5,102,6.5,3.65354870866177,4457
main,0.5,103,6.004695463373924,3.5,4457
main,0.5,104,6.0,3.498850039164325,4457
main,0.5,105,5.5,3.3421753940460097,4457
main,0.5,106,5.0,3.1286372852302016,4457
main,0.5,107,4.764645938606304,3.0,4457
main,0.5,108,4.5,2.8759504380323087,4457
main,0.5,109,4.0,2.568368295379797,4457
main,0.5,110,3.905951580766473,2.5,4457
main,0.5,111,3.5,2.2215301948083708,4457
main,0.5,112,3.2320686304787083,2.0,4457
main,0.5,113,3.0,1.8064044555467502,4457
main,0.5,114,2.6717988314548844,1.5,4457
main,0.5,115,2.5,1.3279790226250565,4457
main,0.5,116,2.1990402822671253,1.0,4457
main,0.5,117,2.0,0.7490240083572788,4457
main,0.5,118,1.830764553869003,0.5,4457
main,0.5,119,1.570019729457524,0.0,4457
main,0.5,120,1.5,-0.2136014700333551,4457
main,0.5,121,1.4117373653000254,-0.5,4457
main,0.5,122,1.3326583989262188,-1.0,4457
main,0.5,123,1.3066270161370979,-1.5,4457
main,0.5,124,1.304954446730977,-2.0,4457
main,0.5,125,1.3121486532948021,-2.5,4457
main,0.5,126,1.3300404226183677,-3.0,4457
main,0.5,127,1.3689606761918411,-3.5,4457
main,0.5,128,1.4405484049279984,-4.0,4457
main,0.5,129,1.5,-4.273955654077623,4457
main,0.5,130,1.541502184603135,-4.5,4457
main,0.5,131,1.6720944788088787,-5.0,4457
main,0.5,132,1.8609676334564131,-5.5,4457
main,0.5,133,2.0,-5.7915197958931355,4457
main,0.5,134,2.10020960955094,-6.0,4457
main,0.5,135,2.3908482167193625,-6.5,4457
main,0.5,136,2.5,-6.665073619159719,4457
main,0.5,137,2.7378170440987035,-7.0,4457
main,0.5,138,3.0,-7.328888756243034,4457
main,0.5,139,3.1510959824355447,-7.5,4457
main,0.5,140,3.5,-7.876281335438982,4457
main,0.5,141,3.629525903114992,-8.0,4457
main,0.5,142,4.0,-8.35273707577139,4457
main,0.5,143,4.176607498412071,-8.5,4457
main,0.5,144,4.5,-8.777459731411248,4457
main,0.5,145,4.797945372967071,-9.0,4457
main,0.5,146,5.0,-9.158775457827174,4457
main,0.5,147,5.5,-9.5,4457
main,0.5,148,5.5,-9.5,4457
main,0.5,149,6.0,-9.837697360712458,4457
main,0.5,150,6.278287505330228,-10.0,4457
main,0.5,151,6.500000000000001,-10.141329994635177,4457
main,0.5,152,7.0,-10.425061647971456,4457
main,0.5,153,7.1461785622154235,-10.5,4457
main,0.5,154,7.500000000000001,-10.700959296782607,4457
main,0.5,155,8.0,-10.951159516894466,4457
main,0.5,156,8.10622122643758,-11.0,4457
main,0.5,157,8.5,-11.202176893326683,4457
main,0.5,158,9.0,-11.430100267015042,4457
main,0.5,159,9.167024193300414,-11.5,4457
main,0.5,160,9.5,-11.656245479338617,4457
main,0.5,161,10.0,-11.868387870691576,4457
main,0.5,162,10.341788990988164,-12.0,4457
main,0.5,163,10.5,-12.068421482787532,4457
main,0.5,164,11.0,-12.26859709438428,4457
main,0.5,165,11.5,-12.44907680857405,4457
main,0.5,166,11.651989972177255,-12.5,4457
main,0.5,167,12.0,-12.631086294911839,4457
main,0.5,168,12.5,-12.803479354677396,4457
main,0.5,169,13.0,-12.960659071417641,4457
main,0.5,170,13.13478334810433,-13.0,4457
main,0.5,171,13.5,-13.119640785512951,4457
main,0.5,172,14.0,-13.269789374520094,4457
main,0.5,173,14.5,-13.407243149863195,4457
main,0.5,174,14.86661358733218,-13.5,4457
main,0.5,175,15.0,-13.537747282525158,4457
main,0.5,176,15.499999999999998,-13.667562960382318,4457
main,0.5,177,16.0,-13.785887388878562,4457
main,0.5,178,16.5,-13.893784849805439,4457
main,0.5,179,17.0,-13.992078698614714,4457
main,0.5,180,17.044961434610556,-14.0,4457
main,0.5,181,17.5,-14.088978978806871,4457
main,0.5,182,18.0,-14.176047616500671,4457
main,0.5,183,18.5,-14.252914593236488,4457
main,0.5,184,19.0,-14.319814144039682,4457
main,0.5,185,19.5,-14.376797109091559,4457
main,0.5,186,20.0,-14.423738699227705,4457
main,0.5,187,20.5,-14.460344246485626,4457
main,0.5,188,21.0,-14.486153257711472,4457
main,0.5,189,21.481877854184564,-14.5,4457
main,0.5,190,21.5,-14.50056793890213,4457
main,0.6,0,27.499999999999996,-19.027473454600667,4457
main,0.6,1,28.0,-19.052605412293406,4457
main,0.6,2,28.5,-19.068034486773158,4457
main,0.6,3,29.0,-19.07334240373568,4457
main,0.6,4,29.5,-19.068034925192027,4457
main,0.6,5,30.0,-19.051544280538145,4457
main,0.6,6,30.5,-19.02323157613126,4457
main,0.6,7,30.78901462211097,-19.0,4457
main,0.6,8,31.0,-18.98276069972534,4457
main,0.6,9,31.5,-18.929543048726746,4457
main,0.6,10,32.0,-18.862087706365347,4457
main,0.6,11,32.5,-18.779399183127342,4457
main,0.6,12,33.0,-18.680413874373308,4457
main,0.6,13,33.5,-18.563996473906357,4457
main,0.6,14,33.74279352614294,-18.5,4457
main,0.6,15,34.0,-18.428901250585618,4457
main,0.6,16,34.5,-18.273225843579503,4457
main,0.6,17,35.0,-18.095268321409282,4457
main,0.6,18,35.24236166274903,-18.0,4457
main,0.6,19,35.5,-17.891751204303198,4457
main,0.6,20,36.0,-17.65959090808876,4457
main,0.6,21,36.311153126484136,-17.5,4457
main,0.6,22,36.5,-17.394540777405137,4457
main,0.6,23,37.0,-17.089856724722047,4457
main,0.6,24,37.136705351415195,-17.0,4457
main,0.6,25,37.5,-16.733956482144624,4457
main,0.6,26,37.79456355977693,-16.5,4457
main,0.6,27,38.0,-16.31403085079038,4457
main,0.6,28,38.32441334716508,-16.0,4457
main,0.6,29,38.5,-15.800750887326334,4457
main,0.6,30,38.751030979207,-15.5,4457
main,0.6,31,39.0,-15.13755573544993,4457
main,0.6,32,39.09056010198154,-15.0,4457
main,0.6,33,39.35671262530262,-14.5,4457
main,0.6,34,39.5,-14.145164311925747,4457
main,0.6,35,39.5572429612425,-14.0,4457
main,0.6,36,39.70210375313671,-13.5,4457
main,0.6,37,39.7948114194064,-13.0,4457
main,0.6,38,39.84095607418715,-12.5,4457
main,0.6,39,39.84501896738831,-12.0,4457
main,0.6,40,39.810499944656456,-11.5,4457
main,0.6,41,39.7399854743763,-11.0,4457
main,0.6,42,39.635174445153595,-10.5,4457
main,0.6,43,39.5,-10.011339642813448,4457
main,0.6,44,39.49700812938673,-10.0,4457
main,0.6,45,39.33223311098292,-9.5,4457
main,0.6,46,39.13478428982772,-9.0,4457
main,0.6,47,39.0,-8.708675339671085,4457
main,0.6,48,38.907160663160504,-8.5,4457
main,0.6,49,38.65038539273448,-8.0,4457
main,0.6,50,38.5,-7.743366778528022,4457
main,0.6,51,38.36213875035068,-7.5,4457
main,0.6,52,38.04103516377625,-7.0,4457
main,0.6,53,38.0,-6.94279461634308,4457
main,0.6,54,37.69110677218663,-6.5,4457
main,0.6,55,37.5,-6.25476050045561,4457
main,0.6,56,37.306373674771784,-6.0,4457
main,0.6,57,37.0,-5.636713991242075,4457
main,0.6,58,36.88718677818397,-5.5,4457
main,0.6,59,36.5,-5.074224018191786,4457
main,0.6,60,36.43372197692853,-5.0,4457
main,0.6,61,36.0,-4.556136416116721,4457
main,0.6,62,35.94592713724424,-4.5,4457
main,0.6,63,35.5,-4.0738958852970875,4457
main,0.6,64,35.423445309151326,-4.0,4457
main,0.6,65,35.0,-3.621032537605478,4457
main,0.6,66,34.86551608394184,-3.5,4457
main,0.6,67,34.5,-3.1927573670436162,4457
main,0.6,68,34.27085471387545,-3.0,4457
main,0.6,69,34.0,-2.78563615407968,4457
main,0.6,70,33.63750512165915,-2.5,4457
main,0.6,71,33.5,-2.3973240221928824,4457
main,0.6,72,33.0,-2.0263195338343527,4457
main,0.6,73,32.96465385447454,-2.0,4457
main,0.6,74,32.5,-1.670326180674067,4457
main,0.6,75,32.25626346685287,-1.5,4457
main,0.6,76,32.0,-1.3281750244327166,4457
main,0.6,77,31.5,-1.0,4457
main,0.6,78,31.5,-1.0,4457
main,0.6,79,31.0,-0.6818972597880713,4457
main,0.6,80,30.706021572498308,-0.5,4457
main,0.6,81,30.500000000000004,-0.3762066317391044,4457
main,0.6,82,30.0,-0.0815367805464195,4457
main,0.6,83,29.859807764503465,0.0,4457
main,0.6,84,29.5,0.20433889415925344,4457
main,0.6,85,29.0,0.4776452932684559,4457
main,0.6,86,28.95895284273645,0.5,4457
main,0.6,87,28.5,0.7454492611943462,4457
main,0.6,88,28.0,0.9993288175701487,4457
main,0.6,89,27.99867739497523,1.0,4457
main,0.6,90,27.5,1.2500010691846173,4457
main,0.6,91,27.0,1.4862931405614117,4457
main,0.6,92,26.970835083307804,1.5,4457
main,0.6,93,26.5,1.7200429641136958,4457
main,0.6,94,26.0,1.9405306196023464,4457
main,0.6,95,25.862349119793564,2.0,4457
main,0.6,96,25.5,2.1568291958308876,4457
main,0.6,97,25.0,2.3632789449884513,4457
main,0.6,98,24.65268836880616,2.5,4457
main,0.6,99,24.5,2.560737125769686,4457
main,0.6,100,24.0,2.754927422464986,4457
main,0.6,101,23.5,2.9364121434694703,4457
main,0.6,102,23.31923097063185,3.0,4457
main,0.6,103,23.0,3.114754518502825,4457
main,0.6,104,22.5,3.2862332410147803,4457
main,0.6,105,22.0,3.445873264438462,4457
main,0.6,106,21.824471059617736,3.5,4457
main,0.6,107,21.5,3.6037211790457087,4457
main,0.6,108,21.0,3.7555855676006162,4457
main,0.6,109,20.5,3.8964536743043383,4457
main,0.6,110,20.107576030758338,4.0,4457
main,0.6,111,20.0,4.029955776453971,4457
main,0.6,112,19.5,4.165091942807898,4457
main,0.6,113,19.0,4.290005128176875,4457
main,0.6,114,18.5,4.405052737283738,4457
main,0.6,115,18.052852075687305,4.5,4457
main,0.6,116,18.0,4.512147313694908,4457
main,0.6,117,17.5,4.623265588044518,4457
main,0.6,118,17.0,4.725082398543224,4457
main,0.6,119,16.5,4.817885529568574,4457
main,0.6,120,16.0,4.901941825687941,4457
main,0.6,121,15.5,4.977494570190559,4457
main,0.6,122,15.338602883853163,5.0,4457
main,0.6,123,15.0,5.053322765299927,4457
main,0.6,124,14.5,5.1244812457178,4457
main,0.6,125,14.0,5.186882466946246,4457
main,0.6,126,13.5,5.240547561543838,4457
main,0.6,127,13.0,5.2854300543933155,4457
main,0.6,128,12.5,5.321402034480791,4457
main,0.6,129,12.0,5.348236281183857,4457
main,0.6,130,11.5,5.365582814902085,4457
main,0.6,131,11.0,5.372937616922302,4457
main,0.6,132,10.5,5.369599777196705,4457
main,0.6,133,10.0,5.354609941413134,4457
main,0.6,134,9.5,5.326656466845533,4457
main,0.6,135,9.0,5.283928226253794,4457
main,0.6,136,8.5,5.223890719078452,4457
main,0.6,137,8.0,5.1429619517590535,4457
main,0.6,138,7.5,5.03604391008027,4457
main,0.6,139,7.366986630973089,5.0,4457
main,0.6,140,7.0,4.922628790140631,4457
main,0.6,141,6.5,4.787903675465128,4457
main,0.6,142,6.0,4.61222032740603,4457
main,0.6,143,5.745376740906037,4.5,4457
main,0.6,144,5.5,4.412867118247314,4457
main,0.6,145,5.0,4.188240199311721,4457
main,0.6,146,4.67292899279123,4.0,4457
main,0.6,147,4.5,3.9160221870673455,4457
main,0.6,148,4.0,3.61334615204093,4457
main,0.6,149,3.84401313538772,3.5,4457
main,0.6,150,3.5,3.275031619322989,4457
main,0.6,151,3.156175420934801,3.0,4457
main,0.6,152,3.0,2.882573967078628,4457
main,0.6,153,2.5676756287118785,2.5,4457
main,0.6,154,2.5,2.4411796186296186,4457
main,0.6,155,2.0654366940232904,2.0,4457
main,0.6,156,2.0,1.9312796089358102,4457
main,0.6,157,1.6662829872186087,1.5,4457
main,0.6,158,1.5,1.2511610003046107,4457
main,0.6,159,1.3640331906036016,1.0,4457
main,0.6,160,1.139797717158145,0.5,4457
main,0.6,161,1.0,0.10132159455988309,4457
main,0.6,162,0.9613393432580829,0.0,4457
main,0.6,163,0.8095079173314303,-0.5,4457
main,0.6,164,0.7139978744664945,-1.0,4457
main,0.6,165,0.662819506058191,-1.5,4457
main,0.6,166,0.6426290654362516,-2.0,4457
main,0.6,167,0.6382672297238998,-2.5,4457
main,0.6,168,0.6400034345211338,-3.0,4457
main,0.6,169,0.6478987814412647,-3.5,4457
main,0.6,170,0.667987987673959,-4.0,4457
main,0.6,171,0.707901756066921,-4.5,4457
main,0.6,172,0.7754312961920877,-5.0,4457
main,0.6,173,0.8785406790081656,-5.5,4457
main,0.6,174,1.0,-5.923375151964912,4457
main,0.6,175,1.0195362890802449,-6.0,4457
main,0.6,176,1.1760728922211765,-6.5,4457
main,0.6,177,1.389516384165498,-7.0,4457
main,0.6,178,1.5,-7.219644633519373,4457
main,0.6,179,1.6414798591799449,-7.5,4457
main,0.6,180,1.9459678412055732,-8.0,4457
main,0.6,181,2.0,-8.082077358264607,4457
main,0.6,182,2.2896675306112555,-8.5,4457
main,0.6,183,2.5,-8.771695028932765,4457
main,0.6,184,2.6906752306122854,-9.0,4457
main,0.6,185,3.0,-9.349954203054763,4457
main,0.6,186,3.1454012863917615,-9.5,4457
main,0.6,187,3.5,-9.859333916952625,4457
main,0.6,188,3.653794589841177,-10.0,4457
main,0.6,189,4.0,-10.319751765623113,4457
main,0.6,190,4.217664078155256,-10.5,4457
main,0.6,191,4.5,-10.740963814966106,4457
main,0.6,192,4.83982457163114,-11.0,4457
main,0.6,193,5.0,-11.127741209594571,4457
main,0.6,194,5.5,-11.485289552518974,4457
main,0.6,195,5.522237873088837,-11.5,4457
main,0.6,196,6.0,-11.838125683061135,4457
main,0.6,197,6.257986782103225,-12.0,4457
main,0.6,198,6.5,-12.163492566521194,4457
main,0.6,199,7.0,-12.467017277187638,4457
main,0.6,200,7.058312054911394,-12.5,4457
main,0.6,201,7.5,-12.772127342209107,4457
main,0.6,202,7.916938847886006,-13.0,4457
main,0.6,203,8.0,-13.049554256249364,4457
main,0.6,204,8.5,-13.329843087461597,4457
main,0.6,205,8.837161289215329,-13.500000000000002,4457
main,0.6,206,9.0,-13.590251549966204,4457
main,0.6,207,9.5,-13.848588079281749,4457
main,0.6,208,9.821625717735204,-14.0,4457
main,0.6,209,10.0,-14.09256751273023,4457
main,0.6,210,10.5,-14.335074416951588,4457
main,0.6,211,10.872643110331552,-14.5,4457
main,0.6,212,11.0,-14.562266992414456,4457
main,0.6,213,11.5,-14.793028728387863,4457
main,0.6,214,11.994420258336374,-15.0,4457
main,0.6,215,12.0,-15.002582735039473,4457
main,0.6,216,12.5,-15.224368893116194,4457
main,0.6,217,13.0,-15.426739008686269,4457
main,0.6,218,13.192255852211506,-15.5,4457
main,0.6,219,13.499999999999998,-15.629855281987933,4457
main,0.6,220,14.0,-15.826738306226547,4457
main,0.6,221,14.476460562300637,-16.0,4457
main,0.6,222,14.5,-16.00946984244361,4457
main,0.6,223,15.0,-16.2017073109511,4457
main,0.6,224,15.5,-16.379476981387107,4457
main,0.6,225,15.86213484494047,-16.5,4457
main,0.6,226,16.0,-16.550713390042297,4457
main,0.6,227,16.5,-16.7249404922827,4457
main,0.6,228,17.0,-16.887009385245186,4457
main,0.6,229,17.371410577072126,-17.0,4457
main,0.6,230,17.5,-17.043155655046068,4457
main,0.6,231,18.0,-17.201883899858345,4457
main,0.6,232,18.5,-17.350008128915498,4457
main,0.6,233,19.0,-17.488688186782888,4457
main,0.6,234,19.043137050304964,-17.5,4457
main,0.6,235,19.5,-17.631745953628243,4457
main,0.6,236,20.0,-17.7664397135388,4457
main,0.6,237,20.5,-17.892391277222256,4457
main,0.6,238,20.95603212619819,-18.0,4457
main,0.6,239,21.0,-18.011371460596695,4457
main,0.6,240,21.5,-18.132153754823793,4457
main,0.6,241,22.0,-18.244450073496534,4457
main,0.6,242,22.5,-18.348813258043098,4457
main,0.6,243,23.0,-18.44568664890394,4457
main,0.6,244,23.304010336866902,-18.5,4457
main,0.6,245,23.5,-18.538150458146266,4457
main,0.6,246,24.0,-18.6268158751448,4457
main,0.6,247,24.5,-18.707481775720247,4457
main,0.6,248,25.0,-18.780311321854676,4457
main,0.6,249,25.5,-18.84537421292036,4457
main,0.6,250,26.0,-18.902649719561516,4457
main,0.6,251,26.5,-18.95202936046595,4457
main,0.6,252,27.0,-18.99331932463116,4457
main,0.6,253,27.10377162016698,-19.0,4457
main,0.6,254,27.499999999999996,-19.027473454600667,4457
main,0.7,0,40.5,-26.50126927921697,4457
main,0.7,1,41.0,-26.501692641467457,4457
main,0.7,2,41.107338764816134,-26.5,4457
main,0.7,3,41.5,-26.493788498094343,4457
main,0.7,4,42.0,-26.477275241006257,4457
main,0.7,5,42.5,-26.451717822307323,4457
main,0.7,6,43.0,-26.41670392635808,4457
main,0.7,7,43.5,-26.371805239602942,4457
main,0.7,8,44.0,-26.316579987851526,4457
main,0.7,9,44.5,-26.250575220311,4457
main,0.7,10,45.0,-26.17332869726876,4457
main,0.7,11,45.50000000000001,-26.084370228954903,4457
main,0.7,12,45.91933728163273,-26.0,4457
main,0.7,13,46.0,-25.98335016661744,4457
main,0.7,14,46.5,-25.870252149875313,4457
main,0.7,15,47.0,-25.7438160067501,4457
main,0.7,16,47.5,-25.603504540590706,4457
main,0.7,17,47.838318583554184,-25.5,4457
main,0.7,18,48.0,-25.44881769236183,4457
main,0.7,19,48.5,-25.2789946499937,4457
main,0.7,20,49.00000000000001,-25.093113298785592,4457
main,0.7,21,49.23430317429977,-25.0,4457
main,0.7,22,49.5,-24.88982478088795,4457
main,0.7,23,50.0,-24.667817023507393,4457
main,0.7,24,50.35172142346742,-24.5,4457
main,0.7,25,50.5,-24.42549503259177,4457
main,0.7,26,51.0,-24.159595926222938,4457
main,0.7,27,51.28112831751814,-24.0,4457
main,0.7,28,51.5,-23.86754961049746,4457
main,0.7,29,52.0,-23.545336872207876,4457
main,0.7,30,52.067104407421695,-23.5,4457
main,0.7,31,52.5,-23.183343304594402,4457
main,0.7,32,52.736152954268306,-23.0,4457
main,0.7,33,53.0,-22.77488237487332,4457
main,0.7,34,53.30549725280145,-22.5,4457
main,0.7,35,53.5,-22.3042702997207,4457
main,0.7,36,53.788538809772945,-22.0,4457
main,0.7,37,54.0,-21.745434716875096,4457
main,0.7,38,54.19581378724982,-21.5,4457
main,0.7,39,54.5,-21.053971083972563,4457
main,0.7,40,54.53558484970655,-21.0,4457
main,0.7,41,54.817178455140706,-20.5,4457
main,0.7,42,55.0,-20.099590154209174,4457
main,0.7,43,55.04446116011363,-20.0,4457
main,0.7,44,55.22553987083325,-19.5,4457
main,0.7,45,55.36256919314993,-19.0,4457
main,0.7,46,55.459981462067475,-18.5,4457
main,0.7,47,55.5,-18.178000382756572,4457
main,0.7,48,55.5220692837981,-18.000000000000004,4457
main,0.7,49,55.5517784409468,-17.5,4457
main,0.7,50,55.55090021525826,-17.0,4457
main,0.7,51,55.52173130063717,-16.5,4457
main,0.7,52,55.5,-16.305808993440568,4457
main,0.7,53,55.467137712135475,-16.0,4457
main,0.7,54,55.38913813533652,-15.5,4457
main,0.7,55,55.28833068008858,-15.0,4457
main,0.7,56,55.16546527566923,-14.500000000000002,4457
main,0.7,57,55.02083232167528,-14.0,4457
main,0.7,58,55.0,-13.937482320012291,4457
main,0.7,59,54.85886394118822,-13.5,4457
main,0.7,60,54.675806024444825,-13.0,4457
main,0.7,61,54.5,-12.572940276966627,4457
main,0.7,62,54.4708633690323,-12.5,4457
main,0.7,63,54.24813247783756,-12.0,4457
main,0.7,64,54.0,-11.5,4457
main,0.7,65,54.0,-11.5,4457
main,0.7,66,53.733551783058665,-11.0,4457
main,0.7,67,53.5,-10.604077174297503,4457
main,0.7,68,53.44014999982593,-10.5,4457
main,0.7,69,53.12412754797402,-10.0,4457
main,0.7,70,53.0,-9.820911739022728,4457
main,0.7,71,52.78251954383977,-9.5,4457
main,0.7,72,52.5,-9.119364780449903,4457
main,0.7,73,52.41324365179102,-9.0,4457
main,0.7,74,52.017032066057816,-8.5,4457
main,0.7,75,52.0,-8.480111492615945,4457
main,0.7,76,51.59571796750395,-8.0,4457
main,0.7,77,51.5,-7.894757018974684,4457
main,0.7,78,51.14623872439033,-7.5,4457
main,0.7,79,51.0,-7.348198161185762,4457
main,0.7,80,50.668737626831984,-7.0,4457
main,0.7,81,50.5,-6.834196564980623,4457
main,0.7,82,50.16330826512889,-6.5,4457
main,0.7,83,50.0,-6.347704745653921,4457
main,0.7,84,49.62994960297662,-6.0,4457
main,0.7,85,49.5,-5.884698563671742,4457
main,0.7,86,49.068518206792405,-5.5,4457
main,0.7,87,49.0,-5.442021460649202,4457
main,0.7,88,48.5,-5.017501928357909,4457
main,0.7,89,48.47952635017326,-5.0,4457
main,0.7,90,48.0,-4.609495116670648,4457
main,0.7,91,47.86548070750234,-4.5,4457
main,0.7,92,47.5,-4.215201499418536,4457
main,0.7,93,47.22286416679789,-4.0,4457
main,0.7,94,47.0,-3.8335351072737702,4457
main,0.7,95,46.55050211267899,-3.5000000000000004,4457
main,0.7,96,46.50000000000001,-3.4637898065096806,4457
main,0.7,97,46.0,-3.1048137689322965,4457
main,0.7,98,45.85315669392093,-3.0,4457
main,0.7,99,45.5,-2.7555843174450794,4457
main,0.7,100,45.125955122137825,-2.5,4457
main,0.7,101,44.99999999999999,-2.4162014270205185,4457
main,0.7,102,44.5,-2.08546682352282,4457
main,0.7,103,44.36997396977462,-2.0,4457
main,0.7,104,44.0,-1.7624576664310823,4457
main,0.7,105,43.58317840943481,-1.5000000000000002,4457
main,0.7,106,43.5,-1.4486483533275265,4457
main,0.7,107,43.0,-1.14113359839582,4457
main,0.7,108,42.76672681763861,-1.0,4457
main,0.7,109,42.5,-0.8413074043103576,4457
main,0.7,110,42.0,-0.549600947354385,4457
main,0.7,111,41.91455847256367,-0.5,4457
main,0.7,112,41.5,-0.26264922199426605,4457
main,0.7,113,41.0268132909854,0.0,4457
main,0.7,114,41.0,0.014725874303027475,4457
main,0.7,115,40.5,0.2890726837969048,4457
main,0.7,116,40.10257977914309,0.5,4457
main,0.7,117,40.0,0.5540165792594304,4457
main,0.7,118,39.5,0.8152014080479217,4457
main,0.7,119,39.134827685039326,1.0,4457
main,0.7,120,39.0,1.0678845591744022,4457
main,0.7,121,38.5,1.3167250931364944,4457
main,0.7,122,38.118875021908714,1.5,4457
main,0.7,123,38.0,1.5570392700889546,4457
main,0.7,124,37.5,1.7943214548881412,4457
main,0.7,125,37.04805818110574,2.0,4457
main,0.7,126,37.0,2.0218914409552293,4457
main,0.7,127,36.5,2.2483918318779317,4457
main,0.7,128,36.0,2.464402554468932,4457
main,0.7,129,35.91677651362013,2.5,4457
main,0.7,130,35.5,2.6790729254424774,4457
main,0.7,131,35.0,2.885320989849327,4457
main,0.7,132,34.71351332658914,3.0,4457
main,0.7,133,34.5,3.0862111417534033,4457
main,0.7,134,34.0,3.2835399039793964,4457
main,0.7,135,33.5,3.4710935438214463,4457
main,0.7,136,33.42199926312754,3.5,4457
main,0.7,137,33.0,3.6585930925672496,4457
main,0.7,138,32.5,3.8383810160881318,4457
main,0.7,139,32.02727791240037,4.0,4457
main,0.7,140,32.0,4.009514362792283,4457
main,0.7,141,31.5,4.18250672316902,4457
main,0.7,142,31.0,4.346490624130176,4457
main,0.7,143,30.505761179472515,4.5,4457
main,0.7,144,30.5,4.501840218714049,4457
main,0.7,145,30.0,4.660322120144972,4457
main,0.7,146,29.5,4.810312526846462,4457
main,0.7,147,29.0,4.952047406315546,4457
main,0.7,148,28.826181970021786,5.0,4457
main,0.7,149,28.5,5.0935770297658625,4457
main,0.7,150,28.0,5.231406755772241,4457
main,0.7,151,27.5,5.361490699290585,4457
main,0.7,152,27.0,5.4840565635247955,4457
main,0.7,153,26.933638245685312,5.5,4457
main,0.7,154,26.5,5.609849143255276,4457
main,0.7,155,26.0,5.730037769515151,4457
main,0.7,156,25.5,5.843192820522093,4457
main,0.7,157,25.0,5.94953022855224,4457
main,0.7,158,24.752775348749637,6.0,4457
main,0.7,159,24.5,6.055322376411571,4457
main,0.7,160,24.0,6.160579623004542,4457
main,0.7,161,23.5,6.259445352666052,4457
main,0.7,162,23.0,6.352115952971107,4457
main,0.7,163,22.5,6.438781843813746,4457
main,0.7,164,22.12548504641427,6.5,4457
main,0.7,165,22.000000000000004,6.522486233862873,4457
main,0.7,166,21.5,6.608997253307713,4457
main,0.7,167,21.0,6.689778204857133,4457
main,0.7,168,20.5,6.76497901026824,4457
main,0.7,169,20.0,6.834738341945178,4457
main,0.7,170,19.5,6.899182371177629,4457
main,0.7,171,19.0,6.958423320773582,4457
main,0.7,172,18.619512981841908,7.000000000000001,4457
main,0.7,173,18.5,7.014805649853217,4457
main,0.7,174,18.0,7.07298112001129,4457
main,0.7,175,17.5,7.12571094180013,4457
main,0.7,176,17.0,7.172987592725845,4457
main,0.7,177,16.5,7.214770915361553,4457
main,0.7,178,16.0,7.250983386510514,4457
main,0.7,179,15.5,7.281504591017651,4457
main,0.7,180,15.0,7.306164784904057,4457
main,0.7,181,14.5,7.324737424940429,4457
main,0.7,182,14.0,7.336930479754672,4457
main,0.7,183,13.5,7.3423760529378965,4457
main,0.7,184,13.0,7.3406169731344795,4457
main,0.7,185,12.5,7.331087111940992,4457
main,0.7,186,12.0,7.313079580975055,4457
main,0.7,187,11.5,7.285696023429219,4457
main,0.7,188,11.0,7.247773642590108,4457
main,0.7,189,10.5,7.1977910499140645,4457
main,0.7,190,10.0,7.133747606484668,4457
main,0.7,191,9.5,7.0529947955843415,4457
main,0.7,192,9.234560911156924,7.0,4457
main,0.7,193,9.0,6.963097940985105,4457
main,0.7,194,8.5,6.867150936885831,4457
main,0.7,195,8.0,6.748630961734406,4457
main,0.7,196,7.5,6.601210083296585,4457
main,0.7,197,7.218198002518548,6.5,4457
main,0.7,198,7.0,6.437330071972612,4457
main,0.7,199,6.5,6.262993620983799,4457
main,0.7,200,5.999999999999999,6.039950481070497,4457
main,0.7,201,5.923786188639198,6.0,4457
main,0.7,202,5.5,5.81675850797374,4457
main,0.7,203,5.0,5.535801580926151,4457
main,0.7,204,4.945375756444259,5.5,4457
main,0.7,205,4.5,5.2515207042688195,4457
main,0.7,206,4.147382874913479,5.0,4457
main,0.7,207,4.0,4.908932265490691,4457
main,0.7,208,3.5,4.5270442957731305,4457
main,0.7,209,3.469105339676747,4.5,4457
main,0.7,210,3.0,4.126913212198866,4457
main,0.7,211,2.867150289418755,4.0,4457
main,0.7,212,2.5,3.6722692658139424,4457
main,0.7,213,2.3388849652913613,3.5,4457
main,0.7,214,2.0,3.1448847056432356,4457
main,0.7,215,1.8847707493946202,3.0,4457
main,0.7,216,1.5143993890121779,2.5,4457
main,0.7,217,1.5,2.4802061119342156,4457
main,0.7,218,1.2062776473847916,2.0,4457
main,0.7,219,1.0,1.5132196532759787,4457
main,0.7,220,0.9940878348310349,1.5,4457
main,0.7,221,0.7892782817164077,1.0,4457
main,0.7,222,0.6401005160344158,0.5,4457
main,0.7,223,0.511726891103325,0.0,4457
main,0.7,224,0.5,-0.045736490949888686,4457
main,0.7,225,0.3100498219212647,-0.5,4457
main,0.7,226,0.1600183430830605,-1.0,4457
main,0.7,227,0.05367832396790634,-1.5,4457
main,0.7,228,0.0,-1.8805122127644878,4457
main,0.7,229,-0.0293621274963523,-2.0,4457
main,0.7,230,-0.1064864901316703,-2.5,4457
main,0.7,231,-0.1603119003955055,-3.0,4457
main,0.7,232,-0.19921725183467837,-3.5,4457
main,0.7,233,-0.22807457738817405,-4.0,4457
main,0.7,234,-0.24603344522878023,-4.5,4457
main,0.7,235,-0.24922509589222622,-5.0,4457
main,0.7,236,-0.2333031775218716,-5.5,4457
main,0.7,237,-0.19373529110113308,-6.0,4457
main,0.7,238,-0.1258342088050912,-6.499999999999999,4457
main,0.7,239,-0.024685690390964986,-7.000000000000001,4457
main,0.7,240,0.0,-7.098129072596054,4457
main,0.7,241,0.08937879042676228,-7.5,4457
main,0.7,242,0.23704999985385944,-8.0,4457
main,0.7,243,0.43071433118496233,-8.5,4457
main,0.7,244,0.5,-8.656857049983898,4457
main,0.7,245,0.6473334032957916,-9.0,4457
main,0.7,246,0.9073371447592038,-9.5,4457
main,0.7,247,1.0,-9.66078942136396,4457
main,0.7,248,1.198771920887515,-10.0,4457
main,0.7,249,1.5,-10.445878892446064,4457
main,0.7,250,1.5381414456886613,-10.5,4457
main,0.7,251,1.9094168624596017,-11.0,4457
main,0.7,252,2.0,-11.114948369511565,4457
main,0.7,253,2.322116299782148,-11.5,4457
main,0.7,254,2.5,-11.703303580229315,4457
main,0.7,255,2.778339994059075,-12.0,4457
main,0.7,256,3.0,-12.231809208940586,4457
main,0.7,257,3.276748694569674,-12.5,4457
main,0.7,258,3.5,-12.716453762103217,4457
main,0.7,259,3.8169546680679476,-13.0,4457
main,0.7,260,4.0,-13.166309736152025,4457
main,0.7,261,4.399169008506411,-13.5,4457
main,0.7,262,4.5,-13.586607934931154,4457
main,0.7,263,5.0,-13.983295405154903,4457
main,0.7,264,5.022459082306702,-14.0,4457
main,0.7,265,5.5,-14.371598367549547,4457
main,0.7,266,5.680735317002842,-14.5,4457
main,0.7,267,6.0,-14.738705441216908,4457
main,0.7,268,6.382807097072071,-15.0,4457
main,0.7,269,6.5,-15.084568598944497,4457
main,0.7,270,7.0,-15.42221935066673,4457
main,0.7,271,7.123569807810524,-15.5,4457
main,0.7,272,7.5,-15.75274445308704,4457
main,0.7,273,7.903912855283625,-16.0,4457
main,0.7,274,8.0,-16.06286630474073,4457
main,0.7,275,8.5,-16.372820002726172,4457
main,0.7,276,8.721531874471768,-16.5,4457
main,0.7,277,9.0,-16.67178876245843,4457
main,0.7,278,9.5,-16.95676138788564,4457
main,0.7,279,9.57969845126317,-17.0,4457
main,0.7,280,10.0,-17.245984596789814,4457
main,0.7,281,10.475596057929774,-17.5,4457
main,0.7,282,10.5,-17.514059891096277,4457
main,0.7,283,11.0,-17.79210838821817,4457
main,0.7,284,11.408121880877701,-18.0,4457
main,0.7,285,11.5,-18.050601477034306,4457
main,0.7,286,12.0,-18.3145307331158,4457
main,0.7,287,12.3801405598647,-18.5,4457
main,0.7,288,12.5,-18.563326099008833,4457
main,0.7,289,13.0,-18.81615066226168,4457
main,0.7,290,13.392041405312956,-19.0,4457
main,0.7,291,13.5,-19.054877552602296,4457
main,0.7,292,14.0,-19.29888092382145,4457
main,0.7,293,14.444898483139246,-19.499999999999996,4457
main,0.7,294,14.500000000000002,-19.52701391063055,4457
main,0.7,295,15.0,-19.763950442067717,4457
main,0.7,296,15.5,-19.983181755669737,4457
main,0.7,297,15.539642355823831,-20.0,4457
main,0.7,298,16.0,-20.212099849054354,4457
main,0.7,299,16.5,-20.426873711731485,4457
main,0.7,300,16.677919006629857,-20.5,4457
main,0.7,301,17.0,-20.643711050095956,4457
main,0.7,302,17.5,-20.854871462049225,4457
main,0.7,303,17.863896672833228,-21.0,4457
main,0.7,304,18.0,-21.05889449556214,4457
main,0.7,305,18.5,-21.26708885969709,4457
main,0.7,306,19.0,-21.46220534993902,4457
main,0.7,307,19.100362043886463,-21.5,4457
main,0.7,308,19.5,-21.6632636594738,4457
main,0.7,309,20.0,-21.856487112620957,4457
main,0.7,310,20.391727495998826,-22.0,4457
main,0.7,311,20.5,-22.04298848812261,4457
main,0.7,312,21.0,-22.23455796812136,4457
main,0.7,313,21.5,-22.415286307601843,4457
main,0.7,314,21.74459096804445,-22.5,4457
main,0.7,315,22.0,-22.595784554155795,4457
main,0.7,316,22.5,-22.775287881057043,4457
main,0.7,317,23.0,-22.945255269257263,4457
main,0.7,318,23.16735190638123,-23.0,4457
main,0.7,319,23.5,-23.117679831051372,4457
main,0.7,320,24.0,-23.28653156663467,4457
main,0.7,321,24.5,-23.446864129900845,4457
main,0.7,322,24.672296770758535,-23.5,4457
main,0.7,323,25.0,-23.60912567848405,4457
main,0.7,324,25.5,-23.76818421970297,4457
main,0.7,325,26.0,-23.919491652157912,4457
main,0.7,326,26.27766750570901,-24.0,4457
main,0.7,327,26.5,-24.069483638744046,4457
main,0.7,328,27.0,-24.219127218390437,4457
main,0.7,329,27.5,-24.361567824611374,4457
main,0.7,330,28.0,-24.497384022017332,4457
main,0.7,331,28.010034291870365,-24.5,4457
main,0.7,332,28.5,-24.637346861466952,4457
main,0.7,333,29.0,-24.77067500863933,4457
main,0.7,334,29.5,-24.897629712382418,4457
main,0.7,335,29.922912431536734,-25.0,4457
main,0.7,336,30.0,-25.020020040551763,4457
main,0.7,337,30.5,-25.143621511361353,4457
main,0.7,338,31.0,-25.260924648986503,4457
main,0.7,339,31.5,-25.37226620693811,4457
main,0.7,340,32.0,-25.477933339086185,4457
main,0.7,341,32.11062118998021,-25.5,4457
main,0.7,342,32.5,-25.583027498339675,4457
main,0.7,343,33.0,-25.683422794010184,4457
main,0.7,344,33.5,-25.777887063107904,4457
main,0.7,345,34.0,-25.86657886946314,4457
main,0.7,346,34.5,-25.94961181240241,4457
main,0.7,347,34.82678150491151,-26.0,4457
main,0.7,348,35.0,-26.028434760928207,4457
main,0.7,349,35.5,-26.10371152503923,4457
main,0.7,350,36.0,-26.172773655019704,4457
main,0.7,351,36.5,-26.235618003661905,4457
main,0.7,352,37.0,-26.292200593069815,4457
main,0.7,353,37.5,-26.34243774665361,4457
main,0.7,354,38.0,-26.386207266388165,4457
main,0.7,355,38.5,-26.423349688600084,4457
main,0.7,356,39.0,-26.453669652872545,4457
main,0.7,357,39.5,-26.47693741727701,4457
main,0.7,358,40.0,-26.492890548703222,4457
main,0.7,359,40.42758021183466,-26.5,4457
main,0.7,360,40.5,-26.50126927921697,4457
main,0.8,0,60.49999999999999,-41.01205509663714,4457
main,0.8,1,61.0,-41.047091671122665,4457
main,0.8,2,61.50000000000001,-41.07688291429309,4457
main,0.8,3,62.0,-41.10132251060553,4457
main,0.8,4,62.5,-41.1202937631407,4457
main,0.8,5,63.0,-41.13367027307568,4457
main,0.8,6,63.5,-41.14131669201083,4457
main,0.8,7,64.0,-41.14308955924019,4457
main,0.8,8,64.5,-41.13883823415366,4457
main,0.8,9,65.0,-41.12840593115899,4457
main,0.8,10,65.5,-41.11163086080802,4457
main,0.8,11,66.0,-41.08834747623724,4457
main,0.8,12,66.5,-41.058387818664905,4457
main,0.8,13,67.0,-41.02158294965459,4457
main,0.8,14,67.24888442940173,-41.0,4457
main,0.8,15,67.5,-40.97799044390187,4457
main,0.8,16,68.0,-40.92747364628411,4457
main,0.8,17,68.5,-40.86963634726742,4457
main,0.8,18,69.0,-40.8043201661356,4457
main,0.8,19,69.5,-40.731374762802716,4457
main,0.8,20,70.0,-40.650659004019246,4457
main,0.8,21,70.5,-40.562041889562074,4457
main,0.8,22,70.82351359133901,-40.5,4457
main,0.8,23,71.0,-40.46565525616709,4457
main,0.8,24,71.5,-40.36162537143586,4457
main,0.8,25,72.0,-40.24939423236911,4457
main,0.8,26,72.5,-40.12887778607079,4457
main,0.8,27,73.0,-40.0,4457
main,0.8,28,73.0,-40.0,4457
main,0.8,29,73.5,-39.863572219800936,4457
main,0.8,30,74.0,-39.71866833730462,4457
main,0.8,31,74.5,-39.56521528920813,4457
main,0.8,32,74.70377683518893,-39.5,4457
main,0.8,33,75.0,-39.40367439205217,4457
main,0.8,34,75.5,-39.23376413392494,4457
main,0.8,35,76.00000000000001,-39.05497902177139,4457
main,0.8,36,76.14862263285553,-39.0,4457
main,0.8,37,76.5,-38.867676891277945,4457
main,0.8,38,77.0,-38.6712593283774,4457
main,0.8,39,77.4171852390112,-38.5,4457
main,0.8,40,77.5,-38.46528617556746,4457
main,0.8,41,78.0,-38.249485788958,4457
main,0.8,42,78.5,-38.02310613273289,4457
main,0.8,43,78.54970812512933,-38.0,4457
main,0.8,44,79.0,-37.78502470024392,4457
main,0.8,45,79.5,-37.53480670504,4457
main,0.8,46,79.5676460015404,-37.49999999999999,4457
main,0.8,47,80.0,-37.27000095674304,4457
main,0.8,48,80.48373743656882,-37.0,4457
main,0.8,49,80.5,-36.990556514120655,4457
main,0.8,50,81.0,-36.69183537110127,4457
main,0.8,51,81.30695542511056,-36.5,4457
main,0.8,52,81.5,-36.37329452886182,4457
main,0.8,53,81.99999999999999,-36.03119419233928,4457
main,0.8,54,82.04416714689549,-36.0,4457
main,0.8,55,82.5,-35.658172464816374,4457
main,0.8,56,82.7022768925103,-35.5,4457
main,0.8,57,83.0,-35.25043589402108,4457
main,0.8,58,83.2871529203071,-35.0,4457
main,0.8,59,83.5,-34.79889990142495,4457
main,0.8,60,83.80485701357837,-34.5,4457
main,0.8,61,84.0,-34.29031270826532,4457
main,0.8,62,84.26112211724909,-34.0,4457
main,0.8,63,84.5,-33.705198806147656,4457
main,0.8,64,84.6612258826848,-33.5,4457
main,0.8,65,85.0,-33.014555031958004,4457
main,0.8,66,85.00988372210072,-33.0,4457
main,0.8,67,85.31293574179897,-32.5,4457
main,0.8,68,85.5,-32.142496620072194,4457
main,0.8,69,85.57301485635823,-32.0,4457
main,0.8,70,85.79522172615351,-31.5,4457
main,0.8,71,85.9814596395347,-31.0,4457
main,0.8,72,86.0,-30.940928645310738,4457
main,0.8,73,86.13676342782068,-30.5,4457
main,0.8,74,86.26235246447993,-30.0,4457
main,0.8,75,86.36051013580408,-29.5,4457
main,0.8,76,86.4334170863068,-29.0,4457
main,0.8,77,86.48296444525445,-28.5,4457
main,0.8,78,86.5,-28.195843223660436,4457
main,0.8,79,86.51098000261798,-28.0,4457
main,0.8,80,86.51870018155742,-27.500000000000004,4457
main,0.8,81,86.50715575425647,-26.999999999999996,4457
main,0.8,82,86.5,-26.88006917202868,4457
main,0.8,83,86.4779572879658,-26.5,4457
main,0.8,84,86.43231170615394,-26.0,4457
main,0.8,85,86.37118910488871,-25.5,4457
main,0.8,86,86.29563192947946,-25.0,4457
main,0.8,87,86.20661691713752,-24.5,4457
main,0.8,88,86.10503089525304,-24.0,4457
main,0.8,89,86.0,-23.536929368051,4457
main,0.8,90,85.99181336330139,-23.5,4457
main,0.8,91,85.86986894384141,-23.0,4457
main,0.8,92,85.7374463156593,-22.5,4457
main,0.8,93,85.59471346346206,-22.0,4457
main,0.8,94,85.5,-21.690519769481682,4457
main,0.8,95,85.44287036937047,-21.5,4457
main,0.8,96,85.28263004105358,-21.0,4457
main,0.8,97,85.11129097169163,-20.5,4457
main,0.8,98,85.0,-20.19611508601551,4457
main,0.8,99,84.92956828340928,-20.0,4457
main,0.8,100,84.73750115071027,-19.5,4457
main,0.8,101,84.53125225685314,-18.999999999999996,4457
main,0.8,102,84.49999999999999,-18.929372132564144,4457
main,0.8,103,84.31360382073743,-18.5,4457
main,0.8,104,84.07966675721842,-18.0,4457
main,0.8,105,84.0,-17.841896938084606,4457
main,0.8,106,83.8309226188859,-17.5,4457
main,0.8,107,83.56389207558615,-17.0,4457
main,0.8,108,83.5,-16.889002421802616,4457
main,0.8,109,83.28010022854185,-16.5,4457
main,0.8,110,83.0,-16.041432082146162,4457
main,0.8,111,82.9751370681327,-16.0,4457
main,0.8,112,82.65221503032419,-15.5,4457
main,0.8,113,82.5,-15.281118210158628,4457
main,0.8,114,82.30768762556966,-15.0,4457
main,0.8,115,82.0,-14.581691689099245,4457
main,0.8,116,81.94084782389695,-14.5,4457
main,0.8,117,81.55296799347838,-14.0,4457
main,0.8,118,81.5,-13.936035926212016,4457
main,0.8,119,81.14383167972699,-13.5,4457
main,0.8,120,81.0,-13.334793028363515,4457
main,0.8,121,80.71218840930021,-13.0,4457
main,0.8,122,80.5,-12.767686443598116,4457
main,0.8,123,80.25830390343472,-12.5,4457
main,0.8,124,80.0,-12.229838432910974,4457
main,0.8,125,79.78250280770888,-12.0,4457
main,0.8,126,79.5,-11.717100399116065,4457
main,0.8,127,79.28515013825495,-11.5,4457
main,0.8,128,79.0,-11.22598186575972,4457
main,0.8,129,78.76663228012578,-11.0,4457
main,0.8,130,78.5,-10.753576478593573,4457
main,0.8,131,78.22733781991485,-10.5,4457
main,0.8,132,78.0,-10.297489186601254,4457
main,0.8,133,77.66763835306267,-10.0,4457
main,0.8,134,77.5,-9.855767062814273,4457
main,0.8,135,77.08786930425691,-9.5,4457
main,0.8,136,77.0,-9.426835023302367,4457
main,0.8,137,76.5,-9.009548189618277,4457
main,0.8,138,76.48862444590446,-9.0,4457
main,0.8,139,76.0,-8.603378981753888,4457
main,0.8,140,75.87271155155457,-8.5,4457
main,0.8,141,75.5,-8.206316609005642,4457
main,0.8,142,75.23791263241696,-8.0,4457
main,0.8,143,75.0,-7.81773417635573,4457
main,0.8,144,74.5842317697468,-7.5,4457
main,0.8,145,74.5,-7.437174129380436,4457
main,0.8,146,74.0,-7.064165142709035,4457
main,0.8,147,73.9140071005486,-7.0,4457
main,0.8,148,73.5,-6.6978697932350535,4457
main,0.8,149,73.22742962663729,-6.5,4457
main,0.8,150,73.0,-6.338125698948036,4457
main,0.8,151,72.521732669872,-6.0,4457
main,0.8,152,72.49999999999999,-5.9849016627018745,4457
main,0.8,153,72.0,-5.636815438705656,4457
main,0.8,154,71.80210581070479,-5.5,4457
main,0.8,155,71.5,-5.294429781438606,4457
main,0.8,156,71.06318408596967,-5.0,4457
main,0.8,157,71.0,-4.9580050014137536,4457
main,0.8,158,70.5,-4.625898383686007,4457
main,0.8,159,70.30902711242413,-4.5,4457
main,0.8,160,70.0,-4.298847550452089,4457
main,0.8,161,69.53522785698125,-4.0,4457
main,0.8,162,69.5,-3.9776002609038583,4457
main,0.8,163,69.0,-3.659568273776084,4457
main,0.8,164,68.74617180934544,-3.5,4457
main,0.8,165,68.5,-3.346790918325415,4457
main,0.8,166,68.0,-3.0391628852037904,4457
main,0.8,167,67.93625101278279,-3.0,4457
main,0.8,168,67.5,-2.7343852653991716,4457
main,0.8,169,67.10861939016675,-2.5,4457
main,0.8,170,67.0,-2.4354488615647725,4457
main,0.8,171,66.5,-2.139604616477086,4457
main,0.8,172,66.26121180112361,-2.0,4457
main,0.8,173,66.0,-1.8482951557542988,4457
main,0.8,174,65.5,-1.5617552927363274,4457
main,0.8,175,65.39172119936526,-1.5,4457
main,0.8,176,65.0,-1.2778287537861477,4457
main,0.8,177,64.5,-1.0002169086892627,4457
main,0.8,178,64.49960983433084,-1.0,4457
main,0.8,179,64.0,-0.7234915057292406,4457
main,0.8,180,63.586756355816505,-0.5,4457
main,0.8,181,63.5,-0.4532341007176643,4457
main,0.8,182,63.0,-0.1847949686134503,4457
main,0.8,183,62.64887206638673,0.0,4457
main,0.8,184,62.49999999999999,0.0781793297741548,4457
main,0.8,185,62.0,0.338673206149911,4457
main,0.8,186,61.68464819056534,0.5,4457
main,0.8,187,61.5,0.5943620477026101,4457
main,0.8,188,61.0,0.8472407676414169,4457
main,0.8,189,60.69241559971334,1.0,4457
main,0.8,190,60.5,1.0955685360753844,4457
main,0.8,191,60.0,1.3411427483185836,4457
main,0.8,192,59.670030615452106,1.5,4457
main,0.8,193,59.49999999999999,1.58195656060877,4457
main,0.8,194,59.0,1.820515816298967,4457
main,0.8,195,58.61474461966028,2.0,4457
main,0.8,196,58.5,2.0535830060974245,4457
main,0.8,197,58.0,2.2853963183328565,4457
main,0.8,198,57.523039714798536,2.5,4457
main,0.8,199,57.50000000000001,2.510402824376109,4457
main,0.8,200,57.0,2.7357219815102747,4457
main,0.8,201,56.5,2.9539598524670794,4457
main,0.8,202,56.393705950812546,3.0,4457
main,0.8,203,56.0,3.1713357257655783,4457
main,0.8,204,55.5,3.3833998152000393,4457
main,0.8,205,55.219759291071526,3.5,4457
main,0.8,206,55.0,3.591988523196678,4457
main,0.8,207,54.5,3.7981195645008214,4457
main,0.8,208,54.0,3.9974402889182623,4457
main,0.8,209,53.99356382007729,4.0,4457
main,0.8,210,53.5,4.197786359022777,4457
main,0.8,211,53.0,4.3915114262582335,4457
main,0.8,212,52.71405576307207,4.5,4457
main,0.8,213,52.5,4.581972278011107,4457
main,0.8,214,52.0,4.7703803764382275,4457
main,0.8,215,51.5,4.952267269913819,4457
main,0.8,216,51.367212551986924,5.0,4457
main,0.8,217,51.0,5.133529336191955,4457
main,0.8,218,50.5,5.310510610234493,4457
main,0.8,219,50.0,5.481182511961281,4457
main,0.8,220,49.94444868503437,5.5,4457
main,0.8,221,49.5,5.652712328554289,4457
main,0.8,222,49.0,5.818944167041289,4457
main,0.8,223,48.5,5.979088060453359,4457
main,0.8,224,48.434103425644714,6.0,4457
main,0.8,225,48.0,6.140202444538668,4457
main,0.8,226,47.5,6.296424457816638,4457
main,0.8,227,47.0,6.446788804241355,4457
main,0.8,228,46.81988434843207,6.5,4457
main,0.8,229,46.5,6.596561919368757,4457
main,0.8,230,46.0,6.74356380863558,4457
main,0.8,231,45.5,6.884945074179074,4457
main,0.8,232,45.078782636492534,6.999999999999999,4457
main,0.8,233,45.0,7.022090911862211,4457
main,0.8,234,44.5,7.160690910978469,4457
main,0.8,235,44.0,7.293911129495221,4457
main,0.8,236,43.5,7.42186121009348,4457
main,0.8,237,43.18567215851641,7.5,4457
main,0.8,238,43.0,7.547672050206204,4457
main,0.8,239,42.5,7.673551320215703,4457
main,0.8,240,42.0,7.794401079941789,4457
main,0.8,241,41.5,7.910329328687839,4457
main,0.8,242,41.099078036596545,8.0,4457
main,0.8,243,41.0,8.023049472572655,4457
main,0.8,244,40.5,8.137585920845314,4457
main,0.8,245,40.0,8.247438036454472,4457
main,0.8,246,39.5,8.352712008680495,4457
main,0.8,247,39.0,8.453513192336203,4457
main,0.8,248,38.76301023335648,8.5,4457
main,0.8,249,38.5,8.554157435969788,4457
main,0.8,250,38.0,8.654307181842912,4457
main,0.8,251,37.5,8.750213727181997,4457
main,0.8,252,37.0,8.841980243752772,4457
main,0.8,253,36.5,8.92970896472723,4457
main,0.8,254,36.082712305190675,9.0,4457
main,0.8,255,36.0,9.014782154817453,4457
main,0.8,256,35.5,9.102485309185179,4457
main,0.8,257,35.0,9.186367084951485,4457
main,0.8,258,34.5,9.266526265509569,4457
main,0.8,259,34.0,9.343060354520233,4457
main,0.8,260,33.5,9.416065498185588,4457
main,0.8,261,33.0,9.485636398462288,4457
main,0.8,262,32.89408207834067,9.5,4457
main,0.8,263,32.5,9.557599883119805,4457
main,0.8,264,32.0,9.627779361116552,4457
main,0.8,265,31.5,9.694704920838628,4457
main,0.8,266,31.0,9.75846337278746,4457
main,0.8,267,30.5,9.819139170685215,4457
main,0.8,268,30.0,9.876814221468878,4457
main,0.8,269,29.5,9.931567676114497,4457
main,0.8,270,29.0,9.983475699269086,4457
main,0.8,271,28.834871895015258,10.0,4457
main,0.8,272,28.5,10.036869667429727,4457
main,0.8,273,28.0,10.089555551150703,4457
main,0.8,274,27.5,10.139475566946487,4457
main,0.8,275,27.0,10.186685833633476,4457
main,0.8,276,26.5,10.23123719149228,4457
main,0.8,277,26.0,10.27317470762682,4457
main,0.8,278,25.5,10.312537126306959,4457
main,0.8,279,25.0,10.349356257661029,4457
main,0.8,280,24.5,10.383656297472479,4457
main,0.8,281,24.0,10.415453070327318,4457
main,0.8,282,23.5,10.444753188073108,4457
main,0.8,283,23.0,10.471553115667028,4457
main,0.8,284,22.5,10.495838137273795,4457
main,0.8,285,22.405914209454938,10.5,4457
main,0.8,286,22.0,10.52049883856472,4457
main,0.8,287,21.500000000000004,10.542944286441708,4457
main,0.8,288,21.0,10.562411369131459,4457
main,0.8,289,20.5,10.578795658225026,4457
main,0.8,290,20.0,10.59197034464152,4457
main,0.8,291,19.5,10.601783942992622,4457
main,0.8,292,19.0,10.608057762329123,4457
main,0.8,293,18.5,10.610583010763305,4457
main,0.8,294,18.0,10.609117237947356,4457
main,0.8,295,17.5,10.6033795559987,4457
main,0.8,296,17.0,10.593043755419032,4457
main,0.8,297,16.5,10.577728198538132,4457
main,0.8,298,16.0,10.55698146396512,4457
main,0.8,299,15.5,10.530263307927914,4457
main,0.8,300,15.046264512927124,10.5,4457
main,0.8,301,15.0,10.497462150580857,4457
main,0.8,302,14.5,10.463978973835191,4457
main,0.8,303,14.0,10.423865900419871,4457
main,0.8,304,13.5,10.376272702166956,4457
main,0.8,305,13.0,10.320171081264608,4457
main,0.8,306,12.5,10.254298645019865,4457
main,0.8,307,12.0,10.177087446136724,4457
main,0.8,308,11.5,10.086572110147934,4457
main,0.8,309,11.091016375416247,10.0,4457
main,0.8,310,11.0,9.984223079151617,4457
main,0.8,311,10.5,9.88453202765724,4457
main,0.8,312,10.0,9.767367704389185,4457
main,0.8,313,9.5,9.62878363107058,4457
main,0.8,314,9.10600459099427,9.5,4457
main,0.8,315,9.0,9.47146565096455,4457
main,0.8,316,8.5,9.316719415916072,4457
main,0.8,317,8.0,9.130068538676761,4457
main,0.8,318,7.704942860847918,9.0,4457
main,0.8,319,7.5,8.924677174568624,4457
main,0.8,320,7.0,8.708726948479287,4457
main,0.8,321,6.605724367130307,8.5,4457
main,0.8,322,6.5,8.452765706298777,4457
main,0.8,323,6.0,8.191140938629717,4457
main,0.8,324,5.702771204576246,8.0,4457
main,0.8,325,5.5,7.887623638473717,4457
main,0.8,326,5.0,7.547290743077717,4457
main,0.8,327,4.939718212865568,7.5,4457
main,0.8,328,4.5,7.192417370076396,4457
main,0.8,329,4.273829706268114,7.0,4457
main,0.8,330,4.0,6.789191802837479,4457
main,0.8,331,3.6869115097744944,6.5,4457
main,0.8,332,3.5,6.341026794219387,4457
main,0.8,333,3.1606563892442074,6.0,4457
main,0.8,334,3.0,5.847995886531676,4457
main,0.8,335,2.683413642296054,5.5,4457
main,0.8,336,2.5,5.303905042420036,4457
main,0.8,337,2.250214743911967,5.0,4457
main,0.8,338,2.0,4.687716775223252,4457
main,0.8,339,1.8631543053256265,4.5,4457
main,0.8,340,1.527217595671307,4.0,4457
main,0.8,341,1.5,3.9600641899965674,4457
main,0.8,342,1.2056930581039205,3.5,4457
main,0.8,343,1.0,3.056749588319898,4457
main,0.8,344,0.9708870481570213,3.0,4457
main,0.8,345,0.730773636781052,2.5,4457
main,0.8,346,0.5811369975691724,2.0,4457
main,0.8,347,0.5,1.5939436928423683,4457
main,0.8,348,0.46668502318204835,1.5,4457
main,0.8,349,0.3046560862269163,1.0,4457
main,0.8,350,0.1711246149815941,0.5,4457
main,0.8,351,0.04865922790702398,0.0,4457
main,0.8,352,0.0,-0.18223436546424537,4457
main,0.8,353,-0.18835868322644828,-0.5,4457
main,0.8,354,-0.4081915724661544,-1.0,4457
main,0.8,355,-0.5,-1.30154415968398,4457
main,0.8,356,-0.6170009585159464,-1.5,4457
main,0.8,357,-0.8048255080704247,-2.0,4457
main,0.8,358,-0.9301807247262495,-2.5,4457
main,0.8,359,-1.0,-2.8663723798470713,4457
main,0.8,360,-1.0449871790326088,-3.0,4457
main,0.8,361,-1.1795130273749908,-3.5,4457
main,0.8,362,-1.288703025253879,-4.0,4457
main,0.8,363,-1.3789643571617358,-4.5,4457
main,0.8,364,-1.4547659719293666,-5.0,4457
main,0.8,365,-1.5,-5.3538272113034235,4457
main,0.8,366,-1.5291366333159517,-5.5,4457
main,0.8,367,-1.6055445729221007,-6.0,4457
main,0.8,368,-1.6589273909316138,-6.5,4457
main,0.8,369,-1.6903610213322344,-7.0,4457
main,0.8,370,-1.6996429209942625,-7.5,4457
main,0.8,371,-1.6854137886882432,-8.0,4457
main,0.8,372,-1.6457975388002766,-8.5,4457
main,0.8,373,-1.5786960410600175,-9.0,4457
main,0.8,374,-1.5,-9.413998336269044,4457
main,0.8,375,-1.4853633505704333,-9.5,4457
main,0.8,376,-1.380043052058311,-10.0,4457
main,0.8,377,-1.243756169175201,-10.5,4457
main,0.8,378,-1.073121647349109,-11.0,4457
main,0.8,379,-1.0,-11.189566279882975,4457
main,0.8,380,-0.8852675245847008,-11.5,4457
main,0.8,381,-0.6701976600976824,-12.0,4457
main,0.8,382,-0.5,-12.343872786789602,4457
main,0.8,383,-0.42346265789003873,-12.5,4457
main,0.8,384,-0.1555459402995188,-13.0,4457
main,0.8,385,0.0,-13.262076830487283,4457
main,0.8,386,0.14293810979585742,-13.5,4457
main,0.8,387,0.47345094201527665,-14.0,4457
main,0.8,388,0.5,-14.038975851457737,4457
main,0.8,389,0.8221331233099924,-14.5,4457
main,0.8,390,1.0,-14.737660848341914,4457
main,0.8,391,1.2033643377020686,-15.0,4457
main,0.8,392,1.5,-15.36527177463854,4457
main,0.8,393,1.6143021699055546,-15.5,4457
main,0.8,394,2.0,-15.94185740796354,4457
main,0.8,395,2.0533532114136,-16.0,4457
main,0.8,396,2.5,-16.480005304558027,4457
main,0.8,397,2.5196377799326375,-16.5,4457
main,0.8,398,3.0,-16.98798254752444,4457
main,0.8,399,3.0125189702945905,-17.0,4457
main,0.8,400,3.5,-17.471282431845484,4457
main,0.8,401,3.5314894720987575,-17.5,4457
main,0.8,402,4.0,-17.933573745753332,4457
main,0.8,403,4.076176098497737,-18.0,4457
main,0.8,404,4.5,-18.37733405926825,4457
main,0.8,405,4.646308354866961,-18.5,4457
main,0.8,406,5.0,-18.804267923633475,4457
main,0.8,407,5.241666957479579,-19.0,4457
main,0.8,408,5.5,-19.215555050528536,4457
main,0.8,409,5.862101634122137,-19.5,4457
main,0.8,410,5.999999999999999,-19.611970710168002,4457
main,0.8,411,6.5,-19.994691746753887,4457
main,0.8,412,6.507196822439736,-20.0,4457
main,0.8,413,7.0,-20.378244310721698,4457
main,0.8,414,7.16888638146051,-20.5,4457
main,0.8,415,7.5,-20.74889110058122,4457
main,0.8,416,7.855580387651784,-21.0,4457
main,0.8,417,8.0,-21.10650689607025,4457
main,0.8,418,8.5,-21.45665244923521,4457
main,0.8,419,8.564477484562754,-21.5,4457
main,0.8,420,9.0,-21.80703769478911,4457
main,0.8,421,9.291556129026029,-22.0,4457
main,0.8,422,9.5,-22.144777376055494,4457
main,0.8,423,10.0,-22.473039652227037,4457
main,0.8,424,10.042474240629595,-22.5,4457
main,0.8,425,10.5,-22.80565777512892,4457
main,0.8,426,10.809842551815919,-23.0,4457
main,0.8,427,11.0,-23.125565746599193,4457
main,0.8,428,11.5,-23.439866067661438,4457
main,0.8,429,11.599418868871215,-23.5,4457
main,0.8,430,12.0,-23.755607713988653,4457
main,0.8,431,12.407782784188692,-24.0,4457
main,0.8,432,12.5,-24.058300396665818,4457
main,0.8,433,13.0,-24.36386952518366,4457
main,0.8,434,13.234620822636016,-24.5,4457
main,0.8,435,13.5,-24.662670346244255,4457
main,0.8,436,14.0,-24.953418532351886,4457
main,0.8,437,14.082772871389707,-25.0,4457
main,0.8,438,14.5,-25.248354613941405,4457
main,0.8,439,14.949924621320042,-25.5,4457
main,0.8,440,15.0,-25.529612193226463,4457
main,0.8,441,15.5,-25.817496862184264,4457
main,0.8,442,15.835601811709967,-25.999999999999996,4457
main,0.8,443,16.0,-26.094604516256698,4457
main,0.8,444,16.5,-26.371724131039734,4457
main,0.8,445,16.742312770382703,-26.5,4457
main,0.8,446,17.0,-26.64445010479784,4457
main,0.8,447,17.5,-26.912279216211143,4457
main,0.8,448,17.67003843355677,-27.0,4457
main,0.8,449,18.0,-27.18033934149279,4457
main,0.8,450,18.5,-27.440116235201728,4457
main,0.8,451,18.619000249159296,-27.5,4457
main,0.8,452,19.0,-27.70319404207794,4457
main,0.8,453,19.5,-27.955970826300902,4457
main,0.8,454,19.589616273055707,-28.0,4457
main,0.8,455,20.0,-28.21373146450612,4457
main,0.8,456,20.5,-28.4604122314803,4457
main,0.8,457,20.582461553389788,-28.5,4457
main,0.8,458,21.0,-28.71251206806879,4457
main,0.8,459,21.5,-28.9538820869129,4457
main,0.8,460,21.598233029194382,-29.0,4457
main,0.8,461,22.0,-29.19997522464893,4457
main,0.8,462,22.5,-29.436723270473458,4457
main,0.8,463,22.637719351750512,-29.5,4457
main,0.8,464,23.0,-29.676465851538147,4457
main,0.8,465,23.5,-29.909201211835004,4457
main,0.8,466,23.701776044622346,-30.0,4457
main,0.8,467,24.0,-30.14225412348577,4457
main,0.8,468,24.5,-30.371519439696836,4457
main,0.8,469,24.791306308728586,-30.500000000000004,4457
main,0.8,470,24.999999999999996,-30.597549868084393,4457
main,0.8,471,25.5,-30.823830704482827,4457
main,0.8,472,25.907247611912773,-31.0,4457
main,0.8,473,26.0,-31.042512861633934,4457
main,0.8,474,26.5,-31.266244705503055,4457
main,0.8,475,27.0,-31.479183642655162,4457
main,0.8,476,27.049932009594848,-31.5,4457
main,0.8,477,27.5,-31.698833227135278,4457
main,0.8,478,28.0,-31.910030776016733,4457
main,0.8,479,28.219658168577677,-32.0,4457
main,0.8,480,28.5,-32.12163332185001,4457
main,0.8,481,29.0,-32.3313953118752,4457
main,0.8,482,29.418731512428774,-32.5,4457
main,0.8,483,29.5,-32.53464905067827,4457
main,0.8,484,30.0,-32.743244591797264,4457
main,0.8,485,30.5,-32.94281462138464,4457
main,0.8,486,30.646901989390592,-33.0,4457
main,0.8,487,30.999999999999996,-33.1455145947373,4457
main,0.8,488,31.5,-33.34441587011537,4457
main,0.8,489,31.90601063476268,-33.5,4457
main,0.8,490,32.0,-33.53810954602232,4457
main,0.8,491,32.5,-33.73650580124058,4457
main,0.8,492,33.0,-33.92693414293726,4457
main,0.8,493,33.1969405758385,-34.0,4457
main,0.8,494,33.5,-34.118922416729,4457
main,0.8,495,34.0,-34.30914818608575,4457
main,0.8,496,34.5,-34.49210155454951,4457
main,0.8,497,34.52198345622075,-34.5,4457
main,0.8,498,35.0,-34.681559740218745,4457
main,0.8,499,35.5,-34.86449700765108,4457
main,0.8,500,35.88263710142978,-35.0,4457
main,0.8,501,36.0,-35.043907706474826,4457
main,0.8,502,36.5,-35.226834159240354,4457
main,0.8,503,37.0,-35.40316910311432,4457
main,0.8,504,37.282373570538766,-35.5,4457
main,0.8,505,37.5,-35.57878711768971,4457
main,0.8,506,38.0,-35.75513266665169,4457
main,0.8,507,38.5,-35.925369305125976,4457
main,0.8,508,38.724938947462796,-36.0,4457
main,0.8,509,39.0,-36.096271727460845,4457
main,0.8,510,39.5,-36.266443272053316,4457
main,0.8,511,40.0,-36.430914874015095,4457
main,0.8,512,40.21548926975611,-36.5,4457
main,0.8,513,40.5,-36.596139196178044,4457
main,0.8,514,41.0,-36.760380011455034,4457
main,0.8,515,41.5,-36.91925935747482,4457
main,0.8,516,41.761076488049554,-37.0,4457
main,0.8,517,42.0,-37.077807367807026,4457
main,0.8,518,42.5,-37.23620712035185,4457
main,0.8,519,43.0,-37.38951610613377,4457
main,0.8,520,43.37112926728718,-37.5,4457
main,0.8,521,43.5,-37.54035837970853,4457
main,0.8,522,44.0,-37.692862400845115,4457
main,0.8,523,44.5,-37.840481152907145,4457
main,0.8,524,45.0,-37.98350325076161,4457
main,0.8,525,45.059227510199726,-38.0,4457
main,0.8,526,45.5,-38.12897953009192,4457
main,0.8,527,46.0,-38.27065506581561,4457
main,0.8,528,46.5,-38.40784421423921,4457
main,0.8,529,46.84633555369424,-38.5,4457
main,0.8,530,47.0,-38.54290906295272,4457
main,0.8,531,47.5,-38.6782634928579,4457
main,0.8,532,48.0,-38.80918222769336,4457
main,0.8,533,48.5,-38.93586967758328,4457
main,0.8,534,48.761527556068216,-39.0,4457
main,0.8,535,49.0,-39.06127628354657,4457
main,0.8,536,49.5,-39.18537276081719,4457
main,0.8,537,50.0,-39.305200819962394,4457
main,0.8,538,50.5,-39.42091464894148,4457
main,0.8,539,50.854259392086455,-39.5,4457
main,0.8,540,51.0,-39.53404052040473,4457
main,0.8,541,51.5,-39.64629730228054,4457
main,0.8,542,52.0,-39.754320294006774,4457
main,0.8,543,52.5,-39.85821594440134,4457
main,0.8,544,53.0,-39.958072860411676,4457
main,0.8,545,53.21950258790115,-40.0,4457
main,0.8,546,53.49999999999999,-40.05594566266837,4457
main,0.8,547,54.00000000000001,-40.151096189586056,4457
main,0.8,548,54.5,-40.241985028103066,4457
main,0.8,549,55.0,-40.328657275541325,4457
main,0.8,550,55.5,-40.411141899702606,4457
main,0.8,551,56.0,-40.48945224158168,4457
main,0.8,552,56.07182345490606,-40.5,4457
main,0.8,553,56.5,-40.5654987960066,4457
main,0.8,554,57.0,-40.637373022334536,4457
main,0.8,555,57.5,-40.704733865461186,4457
main,0.8,556,58.0,-40.76755683078898,4457
main,0.8,557,58.5,-40.825803486304984,4457
main,0.8,558,59.0,-40.879421925974334,4457
main,0.8,559,59.5,-40.92834722652583,4457
main,0.8,560,60.0,-40.972501905179705,4457
main,0.8,561,60.351545651595956,-41.0,4457
main,0.8,562,60.49999999999999,-41.01205509663714,4457
katabatic,0.1,0,7.0,-5.085812625250094,4457
katabatic,0.1,1,8.0,-5.312613567572861,4457
katabatic,0.1,2,9.0,-5.373363805125875,4457
katabatic,0.1,3,10.0,-5.248364016882045,4457
katabatic,0.1,4,10.700540642603093,-5.0,4457
katabatic,0.1,5,11.0,-4.779897576329989,4457
katabatic,0.1,6,11.608931907449566,-4.0,4457
katabatic,0.1,7,11.581148668991382,-3.0,4457
katabatic,0.1,8,11.0,-2.0,4457
katabatic,0.1,9,11.0,-2.0,4457
katabatic,0.1,10,10.0,-1.122395763723241,4457
katabatic,0.1,11,9.845241724336493,-1.0,4457
katabatic,0.1,12,9.0,-0.5647152229256094,4457
katabatic,0.1,13,8.0,-0.21174545684513624,4457
katabatic,0.1,14,7.0,-0.058392007681445035,4457
katabatic,0.1,15,6.0,-0.16657471172008198,4457
katabatic,0.1,16,5.0,-0.664485734821606,4457
katabatic,0.1,17,4.670179222272173,-1.0,4457
katabatic,0.1,18,4.236056879622689,-2.0,4457
katabatic,0.1,19,4.3756846363632755,-3.0,4457
katabatic,0.1,20,5.0,-3.94802473962249,4457
katabatic,0.1,21,5.054057532895153,-4.0,4457
katabatic,0.1,22,6.0,-4.659766441722782,4457
katabatic,0.1,23,6.799423053056509,-5.0,4457
katabatic,0.1,24,7.0,-5.085812625250094,4457
katabatic,0.2,0,10.0,-7.124380021767719,4457
katabatic,0.2,1,10.999999999999998,-7.1686646703638255,4457
katabatic,0.2,2,12.0,-7.097273426772915,4457
katabatic,0.2,3,12.495592079959145,-7.0,4457
katabatic,0.2,4,13.0,-6.868022684157802,4457
katabatic,0.2,5,14.0,-6.370189987240904,4457
katabatic,0.2,6,14.473532633343071,-6.0,4457
katabatic,0.2,7,15.0,-5.0,4457
katabatic,0.2,8,14.991059245589069,-4.0,4457
katabatic,0.2,9,14.617869749889532,-3.0,4457
katabatic,0.2,10,14.0,-2.1704239237019847,4457
katabatic,0.2,11,13.8830802628633,-2.0,4457
katabatic,0.2,12,13.0,-1.1909680091664225,4457
katabatic,0.2,13,12.789848211464555,-1.0,4457
katabatic,0.2,14,12.0,-0.4766975774421184,4457
katabatic,0.2,15,11.171574062451448,0.0,4457
katabatic,0.2,16,11.0,0.0823734849563188,4457
katabatic,0.2,17,10.0,0.5054708825129158,4457
katabatic,0.2,18,9.0,0.8062762883525102,4457
katabatic,0.2,19,8.0,0.9843744917486205,4457
katabatic,0.2,20,7.67034391098596,1.0,4457
katabatic,0.2,21,7.0,1.0339345500414039,4457
katabatic,0.2,22,6.75906895295028,1.0,4457
katabatic,0.2,23,6.0,0.909998771348087,4457
katabatic,0.2,24,5.0,0.5505070001141209,4457
katabatic,0.2,25,4.261470255407898,0.0,4457
katabatic,0.2,26,4.0,-0.2671105988351754,4457
katabatic,0.2,27,3.50857594085575,-1.0,4457
katabatic,0.2,28,3.2456306817082337,-2.0,4457
katabatic,0.2,29,3.3195133742446603,-3.0,4457
katabatic,0.2,30,3.737436708515126,-4.0,4457
katabatic,0.2,31,4.0,-4.371742669553017,4457
katabatic,0.2,32,4.603899706391817,-5.0,4457
katabatic,0.2,33,5.0,-5.352034059792576,4457
katabatic,0.2,34,6.0,-5.958931741601678,4457
katabatic,0.2,35,6.097258647029141,-6.0,4457
katabatic,0.2,36,7.0,-6.431739351129808,4457
katabatic,0.2,37,8.0,-6.754527884705193,4457
katabatic,0.2,38,9.0,-6.976335893997547,4457
katabatic,0.2,39,9.18755097235613,-7.0,4457
katabatic,0.2,40,10.0,-7.124380021767719,4457
katabatic,0.30000000000000004,0,11.999999999999998,-9.007599253474893,4457
katabatic,0.30000000000000004,1,13.0,-9.089301066497619,4457
katabatic,0.30000000000000004,2,14.0,-9.090280017073436,4457
katabatic,0.30000000000000004,3,15.0,-9.0,4457
katabatic,0.30000000000000004,4,15.0,-9.0,4457
katabatic,0.30000000000000004,5,16.0,-8.791503797514483,4457
katabatic,0.30000000000000004,6,17.0,-8.411556290780048,4457
katabatic,0.30000000000000004,7,17.70753333303759,-8.0,4457
katabatic,0.30000000000000004,8,18.0,-7.724520533670953,4457
katabatic,0.30000000000000004,9,18.598894390777588,-7.0,4457
katabatic,0.30000000000000004,10,18.905323675125725,-6.0,4457
katabatic,0.30000000000000004,11,18.852655145205038,-5.0,4457
katabatic,0.30000000000000004,12,18.517953188368033,-4.0,4457
katabatic,0.30000000000000004,13,18.0,-3.1685299719833546,4457
katabatic,0.30000000000000004,14,17.905789214864843,-3.0,4457
katabatic,0.30000000000000004,15,17.042143981714,-2.0,4457
katabatic,0.30000000000000004,16,17.0,-1.963460630277522,4457
katabatic,0.30000000000000004,17,16.0,-1.0866588598283378,4457
katabatic,0.30000000000000004,18,15.901559672551766,-1.0,4457
katabatic,0.30000000000000004,19,15.0,-0.3749340476198062,4457
katabatic,0.30000000000000004,20,14.411399251413297,0.0,4457
katabatic,0.30000000000000004,21,14.0,0.2256709741176753,4457
katabatic,0.30000000000000004,22,13.0,0.7246051676732632,4457
katabatic,0.30000000000000004,23,12.349741212455054,1.0,4457
katabatic,0.30000000000000004,24,12.0,1.1407471206693465,4457
katabatic,0.30000000000000004,25,11.0,1.4903713030726298,4457
katabatic,0.30000000000000004,26,10.0,1.7473395861999181,4457
katabatic,0.30000000000000004,27,9.0,1.9154226006774993,4457
katabatic,0.30000000000000004,28,8.0,1.9942845054477407,4457
katabatic,0.30000000000000004,29,7.0,1.9758481321802055,4457
katabatic,0.30000000000000004,30,6.0,1.8353007264150873,4457
katabatic,0.30000000000000004,31,5.0,1.5071721983594553,4457
katabatic,0.30000000000000004,32,4.209284838591629,1.0,4457
katabatic,0.30000000000000004,33,4.0,0.8590246538267378,4457
katabatic,0.30000000000000004,34,3.187343679448924,0.0,4457
katabatic,0.30000000000000004,35,3.0,-0.3314861641829637,4457
katabatic,0.30000000000000004,36,2.6552357159576543,-1.0,4457
katabatic,0.30000000000000004,37,2.455853026000442,-2.0,4457
katabatic,0.30000000000000004,38,2.501174089910169,-3.0,4457
katabatic,0.30000000000000004,39,2.797931267811917,-4.0,4457
katabatic,0.30000000000000004,40,3.0,-4.383726297496468,4457
katabatic,0.30000000000000004,41,3.3726712225155544,-5.0,4457
katabatic,0.30000000000000004,42,4.0,-5.733689303039829,4457
katabatic,0.30000000000000004,43,4.311394843326104,-6.0,4457
katabatic,0.30000000000000004,44,5.0,-6.578184408028832,4457
katabatic,0.30000000000000004,45,5.722316790949609,-7.0,4457
katabatic,0.30000000000000004,46,6.0,-7.184920937866696,4457
katabatic,0.30000000000000004,47,7.0,-7.689613677777169,4457
katabatic,0.30000000000000004,48,7.847921634727791,-8.0,4457
katabatic,0.30000000000000004,49,8.0,-8.069701066490243,4457
katabatic,0.30000000000000004,50,9.0,-8.422685653002969,4457
katabatic,0.30000000000000004,51,10.0,-8.6820090574565,4457
katabatic,0.30000000000000004,52,11.0,-8.873269452669216,4457
katabatic,0.30000000000000004,53,11.954542738467245,-9.0,4457
katabatic,0.30000000000000004,54,11.999999999999998,-9.007599253474893,4457
katabatic,0.4,0,13.0,-11.028663361958774,4457
katabatic,0.4,1,14.0,-11.222874382754874,4457
katabatic,0.4,2,15.0,-11.360470358458699,4457
katabatic,0.4,3,16.0,-11.444047361200141,4457
katabatic,0.4,4,17.0,-11.471045890949997,4457
katabatic,0.4,5,18.0,-11.434090037163253,4457
katabatic,0.4,6,19.0,-11.320912949240482,4457
katabatic,0.4,7,20.0,-11.113904605165352,4457
katabatic,0.4,8,20.38382902410245,-11.0,4457
katabatic,0.4,9,21.0,-10.776794936007102,4457
katabatic,0.4,10,22.0,-10.252299212516409,4457
katabatic,0.4,11,22.369992938233697,-10.0,4457
katabatic,0.4,12,23.0,-9.348156932038822,4457
katabatic,0.4,13,23.280668321157034,-9.0,4457
katabatic,0.4,14,23.702026307513634,-8.0,4457
katabatic,0.4,15,23.794724896425897,-7.0,4457
katabatic,0.4,16,23.638991132020063,-6.0,4457
katabatic,0.4,17,23.259244426803917,-5.0,4457
katabatic,0.4,18,23.0,-4.575537130229829,4457
katabatic,0.4,19,22.681305685030743,-4.0,4457
katabatic,0.4,20,22.0,-3.1455594809148,4457
katabatic,0.4,21,21.891743892418738,-3.0,4457
katabatic,0.4,22,21.0,-2.104874037580624,4457
katabatic,0.4,23,20.899020025019638,-2.0,4457
katabatic,0.4,24,20.0,-1.2583680798596437,4457
katabatic,0.4,25,19.683461542829903,-1.0,4457
katabatic,0.4,26,19.0,-0.529998631505431,4457
katabatic,0.4,27,18.176233264184457,0.0,4457
katabatic,0.4,28,18.0,0.10135630215532775,4457
katabatic,0.4,29,17.0,0.658880081234235,4457
katabatic,0.4,30,16.308976244585494,1.0,4457
katabatic,0.4,31,16.0,1.144841364045714,4457
katabatic,0.4,32,15.0,1.5818414243571755,4457
katabatic,0.4,33,14.0,1.939997735284757,4457
katabatic,0.4,34,13.815570721698116,2.0,4457
katabatic,0.4,35,13.0,2.2768566681407467,4457
katabatic,0.4,36,12.0,2.552738119810928,4457
katabatic,0.4,37,11.0,2.759624626235666,4457
katabatic,0.4,38,10.0,2.9008698151603953,4457
katabatic,0.4,39,9.0,2.977694745024751,4457
katabatic,0.4,40,8.0,2.9876016944464148,4457
katabatic,0.4,41,7.0,2.92067846496865,4457
katabatic,0.4,42,6.0,2.750434481140374,4457
katabatic,0.4,43,5.0,2.4109682281478477,4457
katabatic,0.4,44,4.317119618554377,2.0,4457
katabatic,0.4,45,4.0,1.831502744364643,4457
katabatic,0.4,46,3.0443380113808858,1.0,4457
katabatic,0.4,47,3.0,0.9517219831001684,4457
katabatic,0.4,48,2.2864202036728862,0.0,4457
katabatic,0.4,49,2.0,-0.8304084392477281,4457
katabatic,0.4,50,1.9342751773302953,-1.0,4457
katabatic,0.4,51,1.7645382885639957,-2.0,4457
katabatic,0.4,52,1.7951448926490443,-3.0000000000000004,4457
katabatic,0.4,53,2.0,-3.8912508231089924,4457
katabatic,0.4,54,2.019847649801079,-4.0,4457
katabatic,0.4,55,2.375256128475386,-5.0,4457
katabatic,0.4,56,3.0,-5.950879179022636,4457
katabatic,0.4,57,3.03884113937877,-6.0,4457
katabatic,0.4,58,3.9687004016547482,-7.0,4457
katabatic,0.4,59,4.0,-7.031642520943558,4457
katabatic,0.4,60,5.0,-7.847248049830177,4457
katabatic,0.4,61,5.259256769979299,-8.0,4457
katabatic,0.4,62,6.0,-8.507919465180521,4457
katabatic,0.4,63,7.0,-9.0,4457
katabatic,0.4,64,7.0,-9.0,4457
katabatic,0.4,65,8.0,-9.50727487877889,4457
katabatic,0.4,66,9.0,-9.88710168376842,4457
katabatic,0.4,67,9.364387527423927,-10.0,4457
katabatic,0.4,68,10.0,-10.252088398156323,4457
katabatic,0.4,69,11.0,-10.567916888371094,4457
katabatic,0.4,70,12.0,-10.81957182541565,4457
katabatic,0.4,71,12.888815556277208,-11.0,4457
katabatic,0.4,72,13.0,-11.028663361958774,4457
katabatic,0.5,0,17.0,-14.070389564010249,4457
katabatic,0.5,1,18.0,-14.254466520240186,4457
katabatic,0.5,2,19.0,-14.395673468290369,4457
katabatic,0.5,3,20.0,-14.495514199948733,4457
katabatic,0.5,4,21.0,-14.552765956670155,4457
katabatic,0.5,5,22.0,-14.563645162674252,4457
katabatic,0.5,6,23.0,-14.521865944591713,4457
katabatic,0.5,7,24.0,-14.418605672757288,4457
katabatic,0.5,8,25.0,-14.242369158265062,4457
katabatic,0.5,9,25.92739628086508,-14.0,4457
katabatic,0.5,10,26.0,-13.978284976066115,4457
katabatic,0.5,11,27.0,-13.594031073016218,4457
katabatic,0.5,12,28.000000000000004,-13.059466969104244,4457
katabatic,0.5,13,28.094389981181735,-13.0,4457
katabatic,0.5,14,28.999999999999996,-12.235119967801493,4457
katabatic,0.5,15,29.233705671713903,-12.0,4457
katabatic,0.5,16,29.878578177555067,-11.0,4457
katabatic,0.5,17,30.0,-10.633539589624451,4457
katabatic,0.5,18,30.200536700762267,-10.0,4457
katabatic,0.5,19,30.27570883325477,-9.0,4457
katabatic,0.5,20,30.144121412608232,-8.0,4457
katabatic,0.5,21,30.0,-7.553047283113337,4457
katabatic,0.5,22,29.841044166131343,-7.0,4457
katabatic,0.5,23,29.37994521285599,-6.0,4457
katabatic,0.5,24,29.0,-5.413399747939147,4457
katabatic,0.5,25,28.75250548459706,-5.0,4457
katabatic,0.5,26,28.0,-4.057032963563599,4457
katabatic,0.5,27,27.95713938988266,-4.0,4457
katabatic,0.5,28,27.0,-3.0,4457
katabatic,0.5,29,27.0,-3.0,4457
katabatic,0.5,30,26.0,-2.1118392254504466,4457
katabatic,0.5,31,25.87531365501404,-2.0,4457
katabatic,0.5,32,25.0,-1.3301057312911808,4457
katabatic,0.5,33,24.55866591282492,-1.0,4457
katabatic,0.5,34,24.0,-0.6287802375226347,4457
katabatic,0.5,35,23.0,-0.0036434947394530237,4457
katabatic,0.5,36,22.994207263581014,0.0,4457
katabatic,0.5,37,22.0,0.5747900634794652,4457
katabatic,0.5,38,21.177188659501304,1.0,4457
katabatic,0.5,39,21.0,1.0879233886846604,4457
katabatic,0.5,40,20.0,1.5694814946503377,4457
katabatic,0.5,41,19.0,1.9826240656578682,4457
katabatic,0.5,42,18.95679708476287,2.0,4457
katabatic,0.5,43,18.0,2.3891711286149278,4457
katabatic,0.5,44,17.0,2.7354151159057416,4457
katabatic,0.5,45,16.09244709735704,3.0,4457
katabatic,0.5,46,16.0,3.0293615224777706,4457
katabatic,0.5,47,15.0,3.3290382540271715,4457
katabatic,0.5,48,14.0,3.573912490045177,4457
katabatic,0.5,49,13.0,3.7675462537987023,4457
katabatic,0.5,50,12.0,3.9128424426951463,4457
katabatic,0.5,51,11.132735409490847,4.0,4457
katabatic,0.5,52,11.0,4.017498379116975,4457
katabatic,0.5,53,10.0,4.09955003004492,4457
katabatic,0.5,54,9.0,4.1132390251974105,4457
katabatic,0.5,55,8.0,4.042825611314988,4457
katabatic,0.5,56,7.764570341729684,4.0,4457
katabatic,0.5,57,7.0,3.915577694819686,4457
katabatic,0.5,58,6.0,3.709874180808968,4457
katabatic,0.5,59,5.0,3.33916587961874,4457
katabatic,0.5,60,4.435020545865324,3.0,4457
katabatic,0.5,61,4.0,2.79483566247205,4457
katabatic,0.5,62,3.0,2.01007970874493,4457
katabatic,0.5,63,2.9897109726918925,2.0,4457
katabatic,0.5,64,2.0691551335960465,1.0,4457
katabatic,0.5,65,2.0,0.8890287893557447,4457
katabatic,0.5,66,1.4756940189303713,0.0,4457
katabatic,0.5,67,1.1990846266365538,-1.0,4457
katabatic,0.5,68,1.1074082726002503,-2.0,4457
katabatic,0.5,69,1.1165284129746493,-3.0,4457
katabatic,0.5,70,1.218039974572957,-4.0,4457
katabatic,0.5,71,1.4618585825996813,-5.0,4457
katabatic,0.5,72,1.9339233450665079,-6.0,4457
katabatic,0.5,73,2.0,-6.115190935180106,4457
katabatic,0.5,74,2.5397883411278785,-7.0,4457
katabatic,0.5,75,3.0,-7.573924009050161,4457
katabatic,0.5,76,3.4190569967284987,-8.0,4457
katabatic,0.5,77,4.0,-8.570098507599237,4457
katabatic,0.5,78,4.56957405476119,-9.0,4457
katabatic,0.5,79,5.0,-9.353742038438146,4457
katabatic,0.5,80,6.0,-9.980846720894888,4457
katabatic,0.5,81,6.0368606152199025,-10.0,4457
katabatic,0.5,82,7.0,-10.605340855132152,4457
katabatic,0.5,83,7.839460742328333,-11.0,4457
katabatic,0.5,84,8.0,-11.092772493127313,4457
katabatic,0.5,85,9.0,-11.591176789621883,4457
katabatic,0.5,86,10.0,-11.9803902591174,4457
katabatic,0.5,87,10.057692500575476,-12.0,4457
katabatic,0.5,88,11.0,-12.404974596927476,4457
katabatic,0.5,89,12.0,-12.754868560805658,4457
katabatic,0.5,90,12.832952062748777,-13.0,4457
katabatic,0.5,91,13.0,-13.061895848818072,4457
katabatic,0.5,92,14.0,-13.380998868726563,4457
katabatic,0.5,93,15.0,-13.646341937128593,4457
katabatic,0.5,94,16.0,-13.869654822110059,4457
katabatic,0.5,95,16.695959879809575,-14.0,4457
katabatic,0.5,96,17.0,-14.070389564010249,4457
katabatic,0.6,0,28.0,-19.055818676783684,4457
katabatic,0.6,1,28.999999999999996,-19.07182029388444,4457
katabatic,0.6,2,30.0,-19.044675914515064,4457
katabatic,0.6,3,30.614199303967915,-19.0,4457
katabatic,0.6,4,31.0,-18.971133071568616,4457
katabatic,0.6,5,32.0,-18.846567362714303,4457
katabatic,0.6,6,33.0,-18.66040738125254,4457
katabatic,0.6,7,34.0,-18.40322658118371,4457
katabatic,0.6,8,35.0,-18.064134000625423,4457
katabatic,0.6,9,35.16119633352603,-18.0,4457
katabatic,0.6,10,36.0,-17.61646751332887,4457
katabatic,0.6,11,37.0,-17.040584693380907,4457
katabatic,0.6,12,37.06247529992744,-17.0,4457
katabatic,0.6,13,38.0,-16.238190230641884,4457
katabatic,0.6,14,38.25431555726781,-16.0,4457
katabatic,0.6,15,39.0,-15.031217664713362,4457
katabatic,0.6,16,39.02192179341008,-15.0,4457
katabatic,0.6,17,39.49963286288259,-14.0,4457
katabatic,0.6,18,39.74130204128441,-13.0,4457
katabatic,0.6,19,39.79771824213986,-12.0,4457
katabatic,0.6,20,39.70094993901634,-11.0,4457
katabatic,0.6,21,39.46777381043152,-10.0,4457
katabatic,0.6,22,39.10115155848204,-9.0,4457
katabatic,0.6,23,39.0,-8.799440488536849,4457
katabatic,0.6,24,38.62614296646514,-8.0,4457
katabatic,0.6,25,38.01110298949782,-7.000000000000001,4457
katabatic,0.6,26,37.99999999999999,-6.985412619792856,4457
katabatic,0.6,27,37.288047506777076,-6.0,4457
katabatic,0.6,28,37.0,-5.674654750239711,4457
katabatic,0.6,29,36.42580736841599,-5.0,4457
katabatic,0.6,30,36.0,-4.580596187987132,4457
katabatic,0.6,31,35.42476174770885,-4.0,4457
katabatic,0.6,32,35.0,-3.6305784862515003,4457
katabatic,0.6,33,34.27997765481171,-3.0,4457
katabatic,0.6,34,34.0,-2.7827928649275355,4457
katabatic,0.6,35,33.0,-2.015397458518989,4457
katabatic,0.6,36,32.98021841192326,-2.0,4457
katabatic,0.6,37,32.0,-1.309891919786076,4457
katabatic,0.6,38,31.54464908374652,-1.0,4457
katabatic,0.6,39,31.0,-0.6556060105369813,4457
katabatic,0.6,40,30.0,-0.05396763411830885,4457
katabatic,0.6,41,29.909959950741513,0.0,4457
katabatic,0.6,42,29.0,0.5178902416894127,4457
katabatic,0.6,43,28.071775936573193,1.0,4457
katabatic,0.6,44,28.0,1.0363227895780371,4457
katabatic,0.6,45,27.0,1.5378759298923854,4457
katabatic,0.6,46,26.0,1.9827831427525922,4457
katabatic,0.6,47,25.960859668283245,2.0,4457
katabatic,0.6,48,25.0,2.4231200560192834,4457
katabatic,0.6,49,24.0,2.812390695356873,4457
katabatic,0.6,50,23.4779414219612,3.0,4457
katabatic,0.6,51,23.0,3.178614338741246,4457
katabatic,0.6,52,22.0,3.5269205558894865,4457
katabatic,0.6,53,21.0,3.8288767583144945,4457
katabatic,0.6,54,20.36708876018693,4.0,4457
katabatic,0.6,55,20.0,4.1095850089870645,4457
katabatic,0.6,56,19.0,4.38763177129619,4457
katabatic,0.6,57,18.0,4.625382178991918,4457
katabatic,0.6,58,17.0,4.825500777072543,4457
katabatic,0.6,59,16.0,4.990413435089733,4457
katabatic,0.6,60,15.934722193858734,5.0,4457
katabatic,0.6,61,15.0,5.17164126875446,4457
katabatic,0.6,62,14.0,5.319559593653882,4457
katabatic,0.6,63,13.0,5.4307997682330225,4457
katabatic,0.6,64,12.0,5.504516258097405,4457
katabatic,0.6,65,11.0,5.538261597628335,4457
katabatic,0.6,66,10.0,5.527020949081161,4457
katabatic,0.6,67,9.0,5.461254181370039,4457
katabatic,0.6,68,8.0,5.322830060374777,4457
katabatic,0.6,69,7.0,5.076572497638288,4457
katabatic,0.6,70,6.797076908249485,5.0,4457
katabatic,0.6,71,6.0,4.811132928903843,4457
katabatic,0.6,72,5.0,4.4218374529897755,4457
katabatic,0.6,73,4.325547071570986,4.0,4457
katabatic,0.6,74,4.0,3.849846885209934,4457
katabatic,0.6,75,3.0,3.1254832739318226,4457
katabatic,0.6,76,2.868551965354168,3.0000000000000004,4457
katabatic,0.6,77,2.0,2.162191795979716,4457
katabatic,0.6,78,1.8693884922431616,2.0,4457
katabatic,0.6,79,1.1908858856720999,1.0,4457
katabatic,0.6,80,1.0,0.5285423953841734,4457
katabatic,0.6,81,0.7417086946739686,0.0,4457
katabatic,0.6,82,0.46496722673021584,-1.0,4457
katabatic,0.6,83,0.35135439510103006,-2.0,4457
katabatic,0.6,84,0.3322386810511673,-3.0,4457
katabatic,0.6,85,0.3841304434289037,-4.0,4457
katabatic,0.6,86,0.528996666887477,-5.0,4457
katabatic,0.6,87,0.8187411424943059,-6.0,4457
katabatic,0.6,88,1.0,-6.437474034144484,4457
katabatic,0.6,89,1.208322417218313,-7.0,4457
katabatic,0.6,90,1.7688755063586643,-8.0,4457
katabatic,0.6,91,2.0,-8.33691288260735,4457
katabatic,0.6,92,2.5078263912632157,-9.0,4457
katabatic,0.6,93,3.0,-9.560647713144684,4457
katabatic,0.6,94,3.46486514610202,-10.0,4457
katabatic,0.6,95,4.0,-10.508222539927836,4457
katabatic,0.6,96,4.644617808547159,-11.0,4457
katabatic,0.6,97,5.0,-11.294296588540277,4457
katabatic,0.6,98,6.0,-11.963155199503891,4457
katabatic,0.6,99,6.064583216191354,-12.0,4457
katabatic,0.6,100,7.0,-12.627292475051716,4457
katabatic,0.6,101,7.708784226229002,-13.0,4457
katabatic,0.6,102,8.0,-13.182271122687201,4457
katabatic,0.6,103,9.0,-13.725450871770786,4457
katabatic,0.6,104,9.612126695929756,-14.0,4457
katabatic,0.6,105,10.0,-14.211427665974641,4457
katabatic,0.6,106,11.0,-14.686663753134486,4457
katabatic,0.6,107,11.788594128654736,-15.0,4457
katabatic,0.6,108,12.0,-15.102752762074045,4457
katabatic,0.6,109,13.0,-15.539989866180147,4457
katabatic,0.6,110,14.0,-15.907387662125739,4457
katabatic,0.6,111,14.280926744021059,-16.0,4457
katabatic,0.6,112,15.0,-16.290655102260565,4457
katabatic,0.6,113,16.0,-16.642442881756573,4457
katabatic,0.6,114,17.0,-16.947596619510886,4457
katabatic,0.6,115,17.190550417066966,-17.0,4457
katabatic,0.6,116,18.0,-17.270867709238676,4457
katabatic,0.6,117,19.0,-17.562963793778607,4457
katabatic,0.6,118,20.0,-17.818661715483557,4457
katabatic,0.6,119,20.803108102332626,-18.0,4457
katabatic,0.6,120,21.0,-18.05342717176944,4457
katabatic,0.6,121,22.0,-18.289014863985358,4457
katabatic,0.6,122,23.0,-18.490576792189707,4457
katabatic,0.6,123,24.0,-18.661429932172354,4457
katabatic,0.6,124,25.0,-18.803316380633028,4457
katabatic,0.6,125,26.0,-18.91652854655713,4457
katabatic,0.6,126,27.0,-19.0,4457
katabatic,0.6,127,27.0,-19.0,4457
katabatic,0.6,128,28.0,-19.055818676783684,4457
katabatic,0.7000000000000001,0,35.0,-26.04533150954758,4457
katabatic,0.7000000000000001,1,36.0,-26.18952211982421,4457
katabatic,0.7000000000000001,2,37.0,-26.307829112340308,4457
katabatic,0.7000000000000001,3,38.0,-26.399899282881556,4457
katabatic,0.7000000000000001,4,39.0,-26.464774130095364,4457
katabatic,0.7000000000000001,5,40.0,-26.500930892794656,4457
katabatic,0.7000000000000001,6,41.0,-26.50632998507254,4457
katabatic,0.7000000000000001,7,42.0,-26.47847109992128,4457
katabatic,0.7000000000000001,8,43.0,-26.41445818620315,4457
katabatic,0.7000000000000001,9,44.0,-26.31107021639754,4457
katabatic,0.7000000000000001,10,45.0,-26.164830533281464,4457
katabatic,0.7000000000000001,11,45.86291145170159,-26.0,4457
katabatic,0.7000000000000001,12,46.0,-25.97248364328275,4457
katabatic,0.7000000000000001,13,47.0,-25.731779401564552,4457
katabatic,0.7000000000000001,14,48.0,-25.434878574148648,4457
katabatic,0.7000000000000001,15,49.0,-25.076751999281313,4457
katabatic,0.7000000000000001,16,49.19168726677763,-25.0,4457
katabatic,0.7000000000000001,17,50.0,-24.646291314227426,4457
katabatic,0.7000000000000001,18,51.0,-24.13425112037418,4457
katabatic,0.7000000000000001,19,51.23701772990408,-24.0,4457
katabatic,0.7000000000000001,20,52.0,-23.506368566329172,4457
katabatic,0.7000000000000001,21,52.68878932410578,-23.0,4457
katabatic,0.7000000000000001,22,53.0,-22.724533369356735,4457
katabatic,0.7000000000000001,23,53.740027893859626,-22.0,4457
katabatic,0.7000000000000001,24,54.0,-21.670301258938455,4457
katabatic,0.7000000000000001,25,54.49037202540336,-21.0,4457
katabatic,0.7000000000000001,26,54.99863156039906,-20.0,4457
katabatic,0.7000000000000001,27,55.0,-19.995927406009294,4457
katabatic,0.7000000000000001,28,55.32458191885206,-19.0,4457
katabatic,0.7000000000000001,29,55.4905756258911,-18.0,4457
katabatic,0.7000000000000001,30,55.524367438837054,-17.0,4457
katabatic,0.7000000000000001,31,55.44599632797522,-16.0,4457
katabatic,0.7000000000000001,32,55.268905307486115,-15.0,4457
katabatic,0.7000000000000001,33,55.0,-14.0,4457
katabatic,0.7000000000000001,34,55.0,-14.0,4457
katabatic,0.7000000000000001,35,54.662021950351146,-13.0,4457
katabatic,0.7000000000000001,36,54.232501432655866,-12.0,4457
katabatic,0.7000000000000001,37,54.0,-11.561248712444414,4457
katabatic,0.7000000000000001,38,53.71834068797982,-11.0,4457
katabatic,0.7000000000000001,39,53.105419422935164,-10.0,4457
katabatic,0.7000000000000001,40,52.99999999999999,-9.855615136878615,4457
katabatic,0.7000000000000001,41,52.401440187212245,-9.0,4457
katabatic,0.7000000000000001,42,52.0,-8.516006185795245,4457
katabatic,0.7000000000000001,43,51.58716538115408,-8.0,4457
katabatic,0.7000000000000001,44,51.0,-7.370548942046506,4457
katabatic,0.7000000000000001,45,50.663869582498066,-7.0,4457
katabatic,0.7000000000000001,46,50.0,-6.360615441569391,4457
katabatic,0.7000000000000001,47,49.632441043298236,-6.0,4457
katabatic,0.7000000000000001,48,49.0,-5.447316803423997,4457
katabatic,0.7000000000000001,49,48.492181711355315,-5.0,4457
katabatic,0.7000000000000001,50,48.0,-4.6063030519386,4457
katabatic,0.7000000000000001,51,47.23936925086801,-4.0,4457
katabatic,0.7000000000000001,52,47.0,-3.8234941417647947,4457
katabatic,0.7000000000000001,53,46.0,-3.09068991773738,4457
katabatic,0.7000000000000001,54,45.876541008363716,-3.0,4457
katabatic,0.7000000000000001,55,45.0,-2.396218414001952,4457
katabatic,0.7000000000000001,56,44.408737978909514,-2.0,4457
katabatic,0.7000000000000001,57,44.0,-1.7389617077110768,4457
katabatic,0.7000000000000001,58,43.0,-1.1164118730530892,4457
katabatic,0.7000000000000001,59,42.81129673311413,-1.0,4457
katabatic,0.7000000000000001,60,42.0,-0.517191575360362,4457
katabatic,0.7000000000000001,61,41.08042377295751,0.0,4457
katabatic,0.7000000000000001,62,40.99999999999999,0.04422283905800447,4457
katabatic,0.7000000000000001,63,40.0,0.5918968268599744,4457
katabatic,0.7000000000000001,64,39.20249131367271,1.0,4457
katabatic,0.7000000000000001,65,39.0,1.1024480758237727,4457
katabatic,0.7000000000000001,66,38.0,1.5999302307891274,4457
katabatic,0.7000000000000001,67,37.12937317565725,2.0,4457
katabatic,0.7000000000000001,68,37.0,2.0595014338131588,4457
katabatic,0.7000000000000001,69,36.0,2.5133126391351377,4457
katabatic,0.7000000000000001,70,35.0,2.9257266362999577,4457
katabatic,0.7000000000000001,71,34.815581348931325,3.0,4457
katabatic,0.7000000000000001,72,34.0,3.334045009465913,4457
katabatic,0.7000000000000001,73,33.0,3.711435630469609,4457
katabatic,0.7000000000000001,74,32.16369403740816,4.0,4457
katabatic,0.7000000000000001,75,32.0,4.058693483115154,4457
katabatic,0.7000000000000001,76,31.0,4.408653172621783,4457
katabatic,0.7000000000000001,77,30.0,4.7232146072013785,4457
katabatic,0.7000000000000001,78,29.01673949507427,5.0,4457
katabatic,0.7000000000000001,79,29.0,5.005064199099219,4457
katabatic,0.7000000000000001,80,28.0,5.302525739475341,4457
katabatic,0.7000000000000001,81,27.0,5.568653050095642,4457
katabatic,0.7000000000000001,82,26.0,5.805255151327985,4457
katabatic,0.7000000000000001,83,25.073707453477766,6.0,4457
katabatic,0.7000000000000001,84,25.0,6.0176001376217005,4457
katabatic,0.7000000000000001,85,24.0,6.248570895478483,4457
katabatic,0.7000000000000001,86,23.0,6.453481341860239,4457
katabatic,0.7000000000000001,87,22.0,6.633845861471893,4457
katabatic,0.7000000000000001,88,21.0,6.791067927384617,4457
katabatic,0.7000000000000001,89,20.0,6.926421542690888,4457
katabatic,0.7000000000000001,90,19.378024011576265,7.0,4457
katabatic,0.7000000000000001,91,19.0,7.0563260962790935,4457
katabatic,0.7000000000000001,92,18.0,7.18930021334223,4457
katabatic,0.7000000000000001,93,17.0,7.299530849102251,4457
katabatic,0.7000000000000001,94,16.0,7.386754877706036,4457
katabatic,0.7000000000000001,95,15.0,7.450123114445571,4457
katabatic,0.7000000000000001,96,14.0,7.488015986882928,4457
katabatic,0.7000000000000001,97,13.0,7.497750173591307,4457
katabatic,0.7000000000000001,98,12.0,7.475053599643798,4457
katabatic,0.7000000000000001,99,11.0,7.413073825559241,4457
katabatic,0.7000000000000001,100,10.0,7.300529715860771,4457
katabatic,0.7000000000000001,101,9.0,7.118228469559583,4457
katabatic,0.7000000000000001,102,8.56703487190915,7.0,4457
katabatic,0.7000000000000001,103,8.0,6.903461622288521,4457
katabatic,0.7000000000000001,104,7.0,6.652855628465255,4457
katabatic,0.7000000000000001,105,6.000000000000001,6.257687017863241,4457
katabatic,0.7000000000000001,106,5.55046776665699,6.0,4457
katabatic,0.7000000000000001,107,5.0,5.784653185304636,4457
katabatic,0.7000000000000001,108,4.0,5.1606292648192555,4457
katabatic,0.7000000000000001,109,3.808153204675193,5.0,4457
katabatic,0.7000000000000001,110,3.0,4.456900535437029,4457
katabatic,0.7000000000000001,111,2.532869686406308,4.0,4457
katabatic,0.7000000000000001,112,2.0,3.5102636414605217,4457
katabatic,0.7000000000000001,113,1.5730770319338607,3.0,4457
katabatic,0.7000000000000001,114,1.0,2.108565609704688,4457
katabatic,0.7000000000000001,115,0.9279706440763767,2.0,4457
katabatic,0.7000000000000001,116,0.35732889663761946,1.0,4457
katabatic,0.7000000000000001,117,0.07677245489242823,0.0,4457
katabatic,0.7000000000000001,118,0.0,-0.4321404140372076,4457
katabatic,0.7000000000000001,119,-0.21608310500397754,-1.0,4457
katabatic,0.7000000000000001,120,-0.42114198409599807,-2.0,4457
katabatic,0.7000000000000001,121,-0.5101707973597754,-3.0,4457
katabatic,0.7000000000000001,122,-0.5434200333723346,-4.0,4457
katabatic,0.7000000000000001,123,-0.5246034577601282,-5.0,4457
katabatic,0.7000000000000001,124,-0.4290984536528127,-6.0,4457
katabatic,0.7000000000000001,125,-0.2230006434554925,-7.0,4457
katabatic,0.7000000000000001,126,0.0,-7.680919061869252,4457
katabatic,0.7000000000000001,127,0.08660268378909097,-8.0,4457
katabatic,0.7000000000000001,128,0.4725787078876217,-9.0,4457
katabatic,0.7000000000000001,129,1.0,-9.89862650600045,4457
katabatic,0.7000000000000001,130,1.0615007842517588,-10.0,4457
katabatic,0.7000000000000001,131,1.751111533972721,-11.0,4457
katabatic,0.7000000000000001,132,2.0,-11.313946140450422,4457
katabatic,0.7000000000000001,133,2.6131154396771032,-12.0,4457
katabatic,0.7000000000000001,134,3.0,-12.411036239902877,4457
katabatic,0.7000000000000001,135,3.646225723620981,-13.0,4457
katabatic,0.7000000000000001,136,4.0,-13.329852723751323,4457
katabatic,0.7000000000000001,137,4.850207315954986,-13.999999999999998,4457
katabatic,0.7000000000000001,138,5.0,-14.12632375031805,4457
katabatic,0.7000000000000001,139,6.0,-14.869002197538906,4457
katabatic,0.7000000000000001,140,6.206117659520626,-15.0,4457
katabatic,0.7000000000000001,141,7.0,-15.569990121899856,4457
katabatic,0.7000000000000001,142,7.721723516192138,-16.0,4457
katabatic,0.7000000000000001,143,8.0,-16.18923532566029,4457
katabatic,0.7000000000000001,144,9.0,-16.793477307901348,4457
katabatic,0.7000000000000001,145,9.394305192918463,-17.0,4457
katabatic,0.7000000000000001,146,10.0,-17.36923706048774,4457
katabatic,0.7000000000000001,147,11.0,-17.89320649599443,4457
katabatic,0.7000000000000001,148,11.225413967362643,-18.0,4457
katabatic,0.7000000000000001,149,12.0,-18.431253749398678,4457
katabatic,0.7000000000000001,150,13.0,-18.90793027403044,4457
katabatic,0.7000000000000001,151,13.21095576173219,-19.0,4457
katabatic,0.7000000000000001,152,14.0,-19.406250246348584,4457
katabatic,0.7000000000000001,153,15.0,-19.853683997471652,4457
katabatic,0.7000000000000001,154,15.359509758468866,-20.0,4457
katabatic,0.7000000000000001,155,16.0,-20.307609180154106,4457
katabatic,0.7000000000000001,156,17.0,-20.73631286650584,4457
katabatic,0.7000000000000001,157,17.688956918326234,-21.0,4457
katabatic,0.7000000000000001,158,18.0,-21.140218944912334,4457
katabatic,0.7000000000000001,159,19.0,-21.556431258846303,4457
katabatic,0.7000000000000001,160,20.0,-21.92349205363677,4457
katabatic,0.7000000000000001,161,20.224021427675428,-22.0,4457
katabatic,0.7000000000000001,162,21.0,-22.311594011627925,4457
katabatic,0.7000000000000001,163,22.0,-22.67324755226933,4457
katabatic,0.7000000000000001,164,23.0,-22.99779433029109,4457
katabatic,0.7000000000000001,165,23.007240887326414,-23.0,4457
katabatic,0.7000000000000001,166,24.0,-23.353750079828387,4457
katabatic,0.7000000000000001,167,25.0,-23.674083145069694,4457
katabatic,0.7000000000000001,168,26.0,-23.96456083939081,4457
katabatic,0.7000000000000001,169,26.131481523169455,-24.0,4457
katabatic,0.7000000000000001,170,26.999999999999996,-24.27186675288928,4457
katabatic,0.7000000000000001,171,28.0,-24.555329093506675,4457
katabatic,0.7000000000000001,172,29.0,-24.812624824430134,4457
katabatic,0.7000000000000001,173,29.79813726499968,-25.0,4457
katabatic,0.7000000000000001,174,30.000000000000004,-25.054571743775437,4457
katabatic,0.7000000000000001,175,31.0,-25.298942869284048,4457
katabatic,0.7000000000000001,176,32.0,-25.517924792122983,4457
katabatic,0.7000000000000001,177,33.0,-25.713739625352225,4457
katabatic,0.7000000000000001,178,34.0,-25.887865734773435,4457
katabatic,0.7000000000000001,179,34.73719306304805,-26.0,4457
katabatic,0.7000000000000001,180,35.0,-26.04533150954758,4457
katabatic,0.8,0,61.0,-41.06836839716946,4457
katabatic,0.8,1,62.0,-41.12247758014514,4457
katabatic,0.8,2,63.0,-41.154557238541386,4457
katabatic,0.8,3,64.0,-41.16363009872556,4457
katabatic,0.8,4,65.0,-41.14858884927325,4457
katabatic,0.8,5,66.0,-41.10822546044415,4457
katabatic,0.8,6,67.0,-41.041265926345574,4457
katabatic,0.8,7,67.44517942054664,-41.0,4457
katabatic,0.8,8,68.0,-40.947458751879964,4457
katabatic,0.8,9,69.0,-40.82554527157737,4457
katabatic,0.8,10,70.0,-40.67340192200649,4457
katabatic,0.8,11,71.0,-40.48993464565461,4457
katabatic,0.8,12,72.0,-40.27420232304712,4457
katabatic,0.8,13,73.0,-40.02541111279202,4457
katabatic,0.8,14,73.0935470402777,-40.0,4457
katabatic,0.8,15,74.0,-39.746036225238214,4457
katabatic,0.8,16,75.0,-39.43265116314188,4457
katabatic,0.8,17,76.0,-39.084067225709035,4457
katabatic,0.8,18,76.2259005734569,-39.0,4457
katabatic,0.8,19,77.0,-38.700919268425736,4457
katabatic,0.8,20,78.0,-38.27901167496785,4457
katabatic,0.8,21,78.61222974669226,-38.0,4457
katabatic,0.8,22,79.0,-37.81353906846979,4457
katabatic,0.8,23,80.0,-37.29691034546707,4457
katabatic,0.8,24,80.53170417816978,-37.0,4457
katabatic,0.8,25,81.0,-36.716093468270245,4457
katabatic,0.8,26,82.0,-36.05571676117715,4457
katabatic,0.8,27,82.07942566874436,-36.0,4457
katabatic,0.8,28,83.0,-35.269874025610044,4457
katabatic,0.8,29,83.3141367981973,-35.0,4457
katabatic,0.8,30,84.0,-34.30665266058394,4457
katabatic,0.8,31,84.28302362904164,-34.0,4457
katabatic,0.8,32,85.0,-33.040503285118824,4457
katabatic,0.8,33,85.0286062728708,-33.0,4457
katabatic,0.8,34,85.59319484301554,-32.0,4457
katabatic,0.8,35,86.0,-31.0,4457
katabatic,0.8,36,86.0,-31.0,4457
katabatic,0.8,37,86.2840421172941,-30.0,4457
katabatic,0.8,38,86.45774680636407,-29.0,4457
katabatic,0.8,39,86.53735764718957,-28.0,4457
katabatic,0.8,40,86.53551787711771,-27.0,4457
katabatic,0.8,41,86.46255596071546,-26.0,4457
katabatic,0.8,42,86.32737973727389,-25.0,4457
katabatic,0.8,43,86.13768560196668,-24.0,4457
katabatic,0.8,44,86.0,-23.42251371254866,4457
katabatic,0.8,45,85.9037130974653,-23.0,4457
katabatic,0.8,46,85.63283192305315,-22.0,4457
katabatic,0.8,47,85.31938159543057,-21.0,4457
katabatic,0.8,48,85.0,-20.112337703052987,4457
katabatic,0.8,49,84.96115034737407,-20.0,4457
katabatic,0.8,50,84.56507260676764,-19.0,4457
katabatic,0.8,51,84.10624215184966,-18.0,4457
katabatic,0.8,52,84.0,-17.79982980528308,4457
katabatic,0.8,53,83.59088798209548,-17.0,4457
katabatic,0.8,54,83.0,-16.00956154442177,4457
katabatic,0.8,55,82.9944959579947,-16.0,4457
katabatic,0.8,56,82.329595364971,-15.0,4457
katabatic,0.8,57,82.0,-14.569857360425598,4457
katabatic,0.8,58,81.57629438069736,-14.0,4457
katabatic,0.8,59,81.0,-13.320965622275246,4457
katabatic,0.8,60,80.73470752049067,-13.0,4457
katabatic,0.8,61,80.0,-12.212063313589482,4457
katabatic,0.8,62,79.80657581786845,-12.0,4457
katabatic,0.8,63,79.0,-11.20581502119507,4457
katabatic,0.8,64,78.79450249233761,-11.0,4457
katabatic,0.8,65,78.0,-10.275473375266078,4457
katabatic,0.8,66,77.70137897290226,-10.0,4457
katabatic,0.8,67,77.0,-9.402711865108028,4457
katabatic,0.8,68,76.5297904210943,-9.0,4457
katabatic,0.8,69,76.0,-8.575548352215348,4457
katabatic,0.8,70,75.28142427999347,-8.0,4457
katabatic,0.8,71,75.0,-7.786554572980069,4457
katabatic,0.8,72,74.0,-7.031291877725192,4457
katabatic,0.8,73,73.95887905834488,-7.0,4457
katabatic,0.8,74,73.0,-6.303211909922194,4457
katabatic,0.8,75,72.5779811089363,-6.0,4457
katabatic,0.8,76,72.0,-5.599658501116423,4457
katabatic,0.8,77,71.11927635586818,-5.0,4457
katabatic,0.8,78,71.0,-4.9210895549333005,4457
katabatic,0.8,79,70.0,-4.2602122981171,4457
katabatic,0.8,80,69.59978166704275,-4.0,4457
katabatic,0.8,81,69.0,-3.6191126755398386,4457
katabatic,0.8,82,68.0,-3.00170187517658,4457
katabatic,0.8,83,67.99725570183392,-3.0,4457
katabatic,0.8,84,67.0,-2.3930918466520232,4457
katabatic,0.8,85,66.33161472473572,-2.0,4457
katabatic,0.8,86,66.0,-1.8076048334182773,4457
katabatic,0.8,87,65.0,-1.2364224373716863,4457
katabatic,0.8,88,64.57688355272849,-1.0,4457
katabatic,0.8,89,64.0,-0.6806339133156722,4457
katabatic,0.8,90,63.0,-0.14395401181923095,4457
katabatic,0.8,91,62.7278774511403,0.0,4457
katabatic,0.8,92,62.0,0.38319373812161317,4457
katabatic,0.8,93,61.0,0.888179792676142,4457
katabatic,0.8,94,60.77571528818463,1.0,4457
katabatic,0.8,95,60.0,1.386626600875923,4457
katabatic,0.8,96,59.0,1.8624670145065643,4457
katabatic,0.8,97,58.70553994803956,2.0,4457
katabatic,0.8,98,58.0,2.3309573458578674,4457
katabatic,0.8,99,57.0,2.779907818752947,4457
katabatic,0.8,100,56.4929642616039,3.0,4457
katabatic,0.8,101,56.0,3.2159551544025007,4457
katabatic,0.8,102,55.0,3.640064961454118,4457
katabatic,0.8,103,54.098391204339336,4.0,4457
katabatic,0.8,104,54.00000000000001,4.039865061498342,4457
katabatic,0.8,105,53.0,4.441200988218597,4457
katabatic,0.8,106,52.0,4.815904987603183,4457
katabatic,0.8,107,51.488856146822776,5.0,4457
katabatic,0.8,108,51.00000000000001,5.180133607573234,4457
katabatic,0.8,109,50.0,5.535236203074655,4457
katabatic,0.8,110,49.0,5.8654054383245535,4457
katabatic,0.8,111,48.57673178598908,6.0,4457
katabatic,0.8,112,48.0,6.189853434355582,4457
katabatic,0.8,113,47.0,6.504323202536323,4457
katabatic,0.8,114,46.0,6.795687112630738,4457
katabatic,0.8,115,45.25335956141002,7.0,4457
katabatic,0.8,116,45.0,7.072972227029382,4457
katabatic,0.8,117,44.0,7.353102784278624,4457
katabatic,0.8,118,43.0,7.612033759218322,4457
katabatic,0.8,119,42.0,7.850636086576709,4457
katabatic,0.8,120,41.33308849447199,8.0,4457
katabatic,0.8,121,41.0,8.080526850451788,4457
katabatic,0.8,122,40.0,8.313401569093896,4457
katabatic,0.8,123,39.0,8.527837667276767,4457
katabatic,0.8,124,38.0,8.72467687210869,4457
katabatic,0.8,125,37.0,8.904746463822352,4457
katabatic,0.8,126,36.43547968884887,9.0,4457
katabatic,0.8,127,36.0,9.082425766629477,4457
katabatic,0.8,128,35.0,9.262366715602063,4457
katabatic,0.8,129,34.0,9.42727221242584,4457
katabatic,0.8,130,33.0,9.577910593904498,4457
katabatic,0.8,131,32.0,9.715024776460435,4457
katabatic,0.8,132,31.0,9.839328896047087,4457
katabatic,0.8,133,30.0,9.951504251778964,4457
katabatic,0.8,134,29.532883743624193,10.0,4457
katabatic,0.8,135,29.0,10.06633130677164,4457
katabatic,0.8,136,28.0,10.181986399808633,4457
katabatic,0.8,137,27.0,10.286316985722923,4457
katabatic,0.8,138,26.0,10.379726695297443,4457
katabatic,0.8,139,25.0,10.462524400084547,4457
katabatic,0.8,140,24.0,10.534905749783846,4457
katabatic,0.8,141,23.0,10.596930527741577,4457
katabatic,0.8,142,22.0,10.648495074197744,4457
katabatic,0.8,143,21.0,10.68929903572428,4457
katabatic,0.8,144,20.0,10.718805379104342,4457
katabatic,0.8,145,19.0,10.736190795847945,4457
katabatic,0.8,146,18.0,10.740278036141737,4457
katabatic,0.8,147,17.0,10.729431254528299,4457
katabatic,0.8,148,16.0,10.701383273422199,4457
katabatic,0.8,149,15.0,10.652958165096123,4457
katabatic,0.8,150,14.0,10.57965184004897,4457
katabatic,0.8,151,13.0,10.47495966599189,4457
katabatic,0.8,152,12.0,10.329243635882662,4457
katabatic,0.8,153,11.0,10.127765639262478,4457
katabatic,0.8,154,10.527737075865101,10.0,4457
katabatic,0.8,155,10.0,9.904323629317789,4457
katabatic,0.8,156,9.0,9.661302010258954,4457
katabatic,0.8,157,8.0,9.316058058201538,4457
katabatic,0.8,158,7.345619055992314,9.0,4457
katabatic,0.8,159,7.0,8.88443433163427,4457
katabatic,0.8,160,6.0,8.420832949733319,4457
katabatic,0.8,161,5.385528031389359,8.0,4457
katabatic,0.8,162,5.0,7.804680526066793,4457
katabatic,0.8,163,4.0,7.028190250096036,4457
katabatic,0.8,164,3.970813488041429,7.0,4457
katabatic,0.8,165,3.0,6.192678551882916,4457
katabatic,0.8,166,2.824537614207691,6.0,4457
katabatic,0.8,167,2.0,5.126247990258247,4457
katabatic,0.8,168,1.8992401057283257,5.0,4457
katabatic,0.8,169,1.1196193976659166,4.0,4457
katabatic,0.8,170,1.0,3.823520227629049,4457
katabatic,0.8,171,0.42941426710288666,3.0,4457
katabatic,0.8,172,0.04450971733003595,2.0,4457
katabatic,0.8,173,0.0,1.8535057603242855,4457
katabatic,0.8,174,-0.46246931639570404,1.0,4457
katabatic,0.8,175,-0.7634032649445711,0.0,4457
katabatic,0.8,176,-0.9485981653270187,-1.0,4457
katabatic,0.8,177,-1.0,-1.3649481909306787,4457
katabatic,0.8,178,-1.2720126687903233,-2.0,4457
katabatic,0.8,179,-1.5084249421151772,-3.0,4457
katabatic,0.8,180,-1.6635964420189753,-4.0,4457
katabatic,0.8,181,-1.7782612080081517,-5.0,4457
katabatic,0.8,182,-1.852349296765024,-6.0,4457
katabatic,0.8,183,-1.8815824174796738,-7.0,4457
katabatic,0.8,184,-1.8541217812232105,-8.0,4457
katabatic,0.8,185,-1.7502286293008478,-9.0,4457
katabatic,0.8,186,-1.5468608516339188,-10.0,4457
katabatic,0.8,187,-1.2180023864341751,-11.0,4457
katabatic,0.8,188,-1.0,-11.511462467587714,4457
katabatic,0.8,189,-0.8058952585929227,-12.0,4457
katabatic,0.8,190,-0.2947957734806277,-13.0,4457
katabatic,0.8,191,0.0,-13.480550696533077,4457
katabatic,0.8,192,0.3279482620115377,-14.0,4457
katabatic,0.8,193,1.0,-14.902707872346904,4457
katabatic,0.8,194,1.0780175144485897,-15.0,4457
katabatic,0.8,195,1.9221115821055996,-16.0,4457
katabatic,0.8,196,2.0,-16.089419303820236,4457
katabatic,0.8,197,2.8732565652068094,-17.0,4457
katabatic,0.8,198,3.0,-17.13083511447204,4457
katabatic,0.8,199,3.9386791749527674,-18.0,4457
katabatic,0.8,200,4.0,-18.058144854932785,4457
katabatic,0.8,201,5.0,-18.922646833106597,4457
katabatic,0.8,202,5.1001052969544896,-19.0,4457
katabatic,0.8,203,6.0,-19.743532065273648,4457
katabatic,0.8,204,6.351951179264303,-20.0,4457
katabatic,0.8,205,7.0,-20.51063996889797,4457
katabatic,0.8,206,7.703690583451417,-21.0,4457
katabatic,0.8,207,8.0,-21.224489856893342,4457
katabatic,0.8,208,9.0,-21.909401778990137,4457
katabatic,0.8,209,9.143863645767631,-22.0,4457
katabatic,0.8,210,10.0,-22.59651045628125,4457
katabatic,0.8,211,10.657602045349174,-23.0,4457
katabatic,0.8,212,10.999999999999998,-23.232780841989847,4457
katabatic,0.8,213,12.0,-23.853511657822963,4457
katabatic,0.8,214,12.256804401902603,-24.0,4457
katabatic,0.8,215,13.0,-24.473376917920728,4457
katabatic,0.8,216,13.93708098714822,-24.999999999999996,4457
katabatic,0.8,217,14.0,-25.039441916344938,4457
katabatic,0.8,218,15.0,-25.636240199076607,4457
katabatic,0.8,219,15.686456882721522,-26.0,4457
katabatic,0.8,220,16.0,-26.186069159543305,4457
katabatic,0.8,221,17.0,-26.738244492654772,4457
katabatic,0.8,222,17.52097814248556,-27.0,4457
katabatic,0.8,223,18.0,-27.270167398701716,4457
katabatic,0.8,224,19.0,-27.789067602709537,4457
katabatic,0.8,225,19.440895893586912,-28.0,4457
katabatic,0.8,226,20.0,-28.30061885718334,4457
katabatic,0.8,227,21.0,-28.794362439572133,4457
katabatic,0.8,228,21.449787601764825,-29.0,4457
katabatic,0.8,229,22.0,-29.28279686097991,4457
katabatic,0.8,230,23.0,-29.757448624137513,4457
katabatic,0.8,231,23.553389903568867,-30.0,4457
katabatic,0.8,232,23.999999999999996,-30.219984894983114,4457
katabatic,0.8,233,25.0,-30.680242448152224,4457
katabatic,0.8,234,25.758727913103804,-31.0,4457
katabatic,0.8,235,26.0,-31.114170257062106,4457
katabatic,0.8,236,27.0,-31.563761499256447,4457
katabatic,0.8,237,28.0,-31.97181814771911,4457
katabatic,0.8,238,28.071926522247114,-32.0,4457
katabatic,0.8,239,29.0,-32.40838218111586,4457
katabatic,0.8,240,30.0,-32.81166045445923,4457
katabatic,0.8,241,30.49665259443303,-33.0,4457
katabatic,0.8,242,31.0,-33.21395369912984,4457
katabatic,0.8,243,32.0,-33.614189458291776,4457
katabatic,0.8,244,33.0,-33.982780304921924,4457
katabatic,0.8,245,33.048478679880255,-34.0,4457
katabatic,0.8,246,34.0,-34.37823556413083,4457
katabatic,0.8,247,35.0,-34.746333557265324,4457
katabatic,0.8,248,35.7348977551465,-35.0,4457
katabatic,0.8,249,36.0,-35.10214055362401,4457
katabatic,0.8,250,37.0,-35.4699784508373,4457
katabatic,0.8,251,38.0,-35.812084051865725,4457
katabatic,0.8,252,38.580615038643614,-36.0,4457
katabatic,0.8,253,39.0,-36.1510714555929,4457
katabatic,0.8,254,40.0,-36.49284212442664,4457
katabatic,0.8,255,41.0,-36.81222814665552,4457
katabatic,0.8,256,41.621484866720834,-37.0,4457
katabatic,0.8,257,42.0,-37.126832848402834,4457
katabatic,0.8,258,43.0,-37.44438450030982,4457
katabatic,0.8,259,44.0,-37.741792702739325,4457
katabatic,0.8,260,44.922557459873666,-38.0,4457
katabatic,0.8,261,45.0,-38.023941434234004,4457
katabatic,0.8,262,46.0,-38.316791299405395,4457
katabatic,0.8,263,47.0,-38.590719866025886,4457
katabatic,0.8,264,48.0,-38.84759525243746,4457
katabatic,0.8,265,48.631830164815185,-39.0,4457
katabatic,0.8,266,48.99999999999999,-39.09753884818217,4457
katabatic,0.8,267,50.0,-39.34450067238359,4457
katabatic,0.8,268,51.0,-39.574200913719466,4457
katabatic,0.8,269,52.0,-39.78771717343383,4457
katabatic,0.8,270,53.0,-39.98583935876523,4457
katabatic,0.8,271,53.078482347854745,-40.0,4457
katabatic,0.8,272,54.0,-40.18119962886338,4457
katabatic,0.8,273,55.0,-40.35999371299775,4457
katabatic,0.8,274,56.0,-40.52149070274902,4457
katabatic,0.8,275,57.0,-40.66580590184706,4457
katabatic,0.8,276,58.0,-40.79281859656962,4457
katabatic,0.8,277,59.0,-40.90218682108497,4457
katabatic,0.8,278,60.0,-40.99336160732205,4457
katabatic,0.8,279,60.09469039618857,-41.0,4457
katabatic,0.8,280,61.0,-41.06836839716946,4457
katabatic,0.9,0,127.0,-84.02848734879109,4457
katabatic,0.9,1,128.0,-84.07302708708028,4457
katabatic,0.9,2,129.0,-84.10544504963173,4457
katabatic,0.9,3,130.0,-84.12558485100067,4457
katabatic,0.9,4,131.0,-84.13325893955738,4457
katabatic,0.9,5,132.0,-84.12824555989104,4457
katabatic,0.9,6,133.0,-84.11028663974378,4457
katabatic,0.9,7,134.0,-84.07908705186713,4457
katabatic,0.9,8,135.0,-84.03431564683912,4457
katabatic,0.9,9,135.5896139930507,-84.0,4457
katabatic,0.9,10,136.0,-83.97587126457123,4457
katabatic,0.9,11,137.0,-83.9035461037456,4457
katabatic,0.9,12,138.0,-83.81651148731146,4457
katabatic,0.9,13,139.0,-83.7143373513319,4457
katabatic,0.9,14,140.0,-83.59660911347845,4457
katabatic,0.9,15,141.0,-83.46294477777606,4457
katabatic,0.9,16,142.0,-83.31301312554808,4457
katabatic,0.9,17,143.0,-83.14655212634516,4457
katabatic,0.9,18,143.803745012279,-83.0,4457
katabatic,0.9,19,144.0,-82.96364802469505,4457
katabatic,0.9,20,145.0,-82.76520390849444,4457
katabatic,0.9,21,146.0,-82.55033518452777,4457
katabatic,0.9,22,147.0,-82.31930716938662,4457
katabatic,0.9,23,148.0,-82.07250708955853,4457
katabatic,0.9,24,148.2807674125358,-82.0,4457
katabatic,0.9,25,149.0,-81.81260392819213,4457
katabatic,0.9,26,150.0,-81.53941888828604,4457
katabatic,0.9,27,151.0,-81.25286355428847,4457
katabatic,0.9,28,151.84732094646353,-81.0,4457
katabatic,0.9,29,152.0,-80.95433173954054,4457
katabatic,0.9,30,153.0,-80.64801535770269,4457
katabatic,0.9,31,154.0,-80.33068282380158,4457
katabatic,0.9,32,155.0,-80.00267709332977,4457
katabatic,0.9,33,155.00803446781077,-80.0,4457
katabatic,0.9,34,156.0,-79.66963321802214,4457
katabatic,0.9,35,157.0,-79.3260240034269,4457
katabatic,0.9,36,157.92064651533394,-79.0,4457
katabatic,0.9,37,158.0,-78.9718115296317,4457
katabatic,0.9,38,159.0,-78.61007662254568,4457
katabatic,0.9,39,160.0,-78.23519472821559,4457
katabatic,0.9,40,160.6089021766323,-78.0,4457
katabatic,0.9,41,161.0,-77.84694070885027,4457
katabatic,0.9,42,162.0,-77.44356512650607,4457
katabatic,0.9,43,163.0,-77.02158215014825,4457
katabatic,0.9,44,163.04987070812584,-77.0,4457
katabatic,0.9,45,164.0,-76.57751365655584,4457
katabatic,0.9,46,165.0,-76.10900717180043,4457
katabatic,0.9,47,165.2247905523094,-76.0,4457
katabatic,0.9,48,166.0,-75.60884030135381,4457
katabatic,0.9,49,167.0,-75.07577140469985,4457
katabatic,0.9,50,167.13708743884027,-75.0,4457
katabatic,0.9,51,168.0,-74.4971919658397,4457
katabatic,0.9,52,168.80580498428367,-74.0,4457
katabatic,0.9,53,169.0,-73.87234926614448,4457
katabatic,0.9,54,170.0,-73.18482294403266,4457
katabatic,0.9,55,170.25661412284373,-73.0,4457
katabatic,0.9,56,171.0,-72.42120027431157,4457
katabatic,0.9,57,171.5145837371427,-72.0,4457
katabatic,0.9,58,172.0,-71.56487928040562,4457
katabatic,0.9,59,172.6017163074004,-71.0,4457
katabatic,0.9,60,173.0,-70.58436141726489,4457
katabatic,0.9,61,173.53682448074431,-70.0,4457
katabatic,0.9,62,174.0,-69.4295941926891,4457
katabatic,0.9,63,174.3358342275456,-69.0,4457
katabatic,0.9,64,175.0,-68.01859374110735,4457
katabatic,0.9,65,175.012168456224,-68.0,4457
katabatic,0.9,66,175.58055569332126,-67.0,4457
katabatic,0.9,67,176.0,-66.10745894872852,4457
katabatic,0.9,68,176.04924083940188,-66.0,4457
katabatic,0.9,69,176.43234450091444,-65.0,4457
katabatic,0.9,70,176.73660357689317,-64.0,4457
katabatic,0.9,71,176.97152729249996,-63.0,4457
katabatic,0.9,72,177.0,-62.839698490430166,4457
katabatic,0.9,73,177.14792199649244,-62.0,4457
katabatic,0.9,74,177.2714029306921,-61.0,4457
katabatic,0.9,75,177.3481655275172,-60.0,4457
katabatic,0.9,76,177.3835530931034,-59.0,4457
katabatic,0.9,77,177.38162635759002,-58.0,4457
katabatic,0.9,78,177.34524855743908,-57.0,4457
katabatic,0.9,79,177.27633662883298,-56.0,4457
katabatic,0.9,80,177.1762541844097,-55.0,4457
katabatic,0.9,81,177.04626821854413,-54.00000000000001,4457
katabatic,0.9,82,177.0,-53.708808619173396,4457
katabatic,0.9,83,176.89021525916763,-53.0,4457
katabatic,0.9,84,176.7096404779523,-52.0,4457
katabatic,0.9,85,176.50648890202245,-51.0,4457
katabatic,0.9,86,176.28414633847814,-50.0,4457
katabatic,0.9,87,176.04627681747127,-49.0,4457
katabatic,0.9,88,176.0,-48.81423967696958,4457
katabatic,0.9,89,175.80111571831947,-48.0,4457
katabatic,0.9,90,175.54864832388574,-47.0,4457
katabatic,0.9,91,175.2901936383883,-46.0,4457
katabatic,0.9,92,175.0271443621109,-45.0,4457
katabatic,0.9,93,175.0,-44.897952919918346,4457
katabatic,0.9,94,174.765369121427,-44.0,4457
katabatic,0.9,95,174.49900671329232,-43.0,4457
katabatic,0.9,96,174.22519752022453,-42.0,4457
katabatic,0.9,97,174.0,-41.20827135437581,4457
katabatic,0.9,98,173.9418704879329,-41.0,4457
katabatic,0.9,99,173.64850239324392,-40.0,4457
katabatic,0.9,100,173.33430117311968,-39.0,4457
katabatic,0.9,101,173.0,-38.02102937526314,4457
katabatic,0.9,102,172.99296733493898,-38.0,4457
katabatic,0.9,103,172.62540838857876,-37.0,4457
katabatic,0.9,104,172.21660216254537,-36.0,4457
katabatic,0.9,105,172.0,-35.526683360999115,4457
katabatic,0.9,106,171.76428281031644,-35.0,4457
katabatic,0.9,107,171.26151831416166,-34.0,4457
katabatic,0.9,108,171.0,-33.5372170485693,4457
katabatic,0.9,109,170.70306538366202,-33.0,4457
katabatic,0.9,110,170.0826800616179,-32.0,4457
katabatic,0.9,111,170.0,-31.88072798222494,4457
katabatic,0.9,112,169.40207089929692,-31.0,4457
katabatic,0.9,113,169.0,-30.467923549768564,4457
katabatic,0.9,114,168.65337378260097,-30.0,4457
katabatic,0.9,115,168.0,-29.203313313953778,4457
katabatic,0.9,116,167.83634669524594,-29.0,4457
katabatic,0.9,117,167.0,-28.055714682465783,4457
katabatic,0.9,118,166.95149612313514,-28.0,4457
katabatic,0.9,119,166.0,-27.0,4457
katabatic,0.9,120,166.0,-27.0,4457
katabatic,0.9,121,165.0,-26.016322782636443,4457
katabatic,0.9,122,164.98362979046578,-26.0,4457
katabatic,0.9,123,164.0,-25.089270314641965,4457
katabatic,0.9,124,163.90467809226126,-25.0,4457
katabatic,0.9,125,163.0,-24.207065220024386,4457
katabatic,0.9,126,162.76589473169042,-24.0,4457
katabatic,0.9,127,162.0,-23.360867287332646,4457
katabatic,0.9,128,161.5704311638197,-23.0,4457
katabatic,0.9,129,161.0,-22.544185356332328,4457
katabatic,0.9,130,160.32178995857527,-22.0,4457
katabatic,0.9,131,160.0,-21.752387396017106,4457
katabatic,0.9,132,159.0237730704425,-21.0,4457
katabatic,0.9,133,159.0,-20.982287059568247,4457
katabatic,0.9,134,158.0,-20.232882409907297,4457
katabatic,0.9,135,157.68924487660905,-20.0,4457
katabatic,0.9,136,157.0,-19.497485165000192,4457
katabatic,0.9,137,156.31563438173478,-19.0,4457
katabatic,0.9,138,156.0,-18.77510838381247,4457
katabatic,0.9,139,155.0,-18.06476852093671,4457
katabatic,0.9,140,154.9090565608691,-18.0,4457
katabatic,0.9,141,154.0,-17.36187304152333,4457
katabatic,0.9,142,153.48082673301167,-17.0,4457
katabatic,0.9,143,153.0,-16.667625547495582,4457
katabatic,0.9,144,152.0254598461337,-16.0,4457
katabatic,0.9,145,152.0,-15.982613953125988,4457
katabatic,0.9,146,151.0,-15.298668016756709,4457
katabatic,0.9,147,150.55903863226257,-15.0,4457
katabatic,0.9,148,150.0,-14.621392735735792,4457
katabatic,0.9,149,149.0715351060454,-14.0,4457
katabatic,0.9,150,149.0,-13.9520011175947,4457
katabatic,0.9,151,148.0,-13.281458868436337,4457
katabatic,0.9,152,147.5756662713102,-13.0,4457
katabatic,0.9,153,147.0,-12.616874155378198,4457
katabatic,0.9,154,146.06018646728282,-12.0,4457
katabatic,0.9,155,146.0,-11.960362485996137,4457
katabatic,0.9,156,145.0,-11.302289836828356,4457
katabatic,0.9,157,144.53469563813812,-11.0,4457
katabatic,0.9,158,144.0,-10.651924371308242,4457
katabatic,0.9,159,143.0,-10.010529160385735,4457
katabatic,0.9,160,142.98359140254604,-10.0,4457
katabatic,0.9,161,142.0,-9.368818974554532,4457
katabatic,0.9,162,141.41595345385738,-9.0,4457
katabatic,0.9,163,141.0,-8.737961208790672,4457
katabatic,0.9,164,140.0,-8.11501638638523,4457
katabatic,0.9,165,139.81451705381514,-8.0,4457
katabatic,0.9,166,139.0,-7.497335807663201,4457
katabatic,0.9,167,138.17965571216678,-7.0,4457
katabatic,0.9,168,138.0,-6.89183681581224,4457
katabatic,0.9,169,137.0,-6.2921991591263,4457
katabatic,0.9,170,136.50600288624773,-6.0,4457
katabatic,0.9,171,136.0,-5.703177078154725,4457
katabatic,0.9,172,135.0,-5.124541620383263,4457
katabatic,0.9,173,134.78361635052067,-5.0,4457
katabatic,0.9,174,134.0,-4.552975747299493,4457
katabatic,0.9,175,133.00928947294813,-4.0,4457
katabatic,0.9,176,133.0,-3.994860032955198,4457
katabatic,0.9,177,132.0,-3.4409865652279037,4457
katabatic,0.9,178,131.1850344887295,-3.0,4457
katabatic,0.9,179,131.0,-2.9006467751832044,4457
katabatic,0.9,180,130.0,-2.365989832557611,4457
katabatic,0.9,181,129.30160076949244,-2.0,4457
katabatic,0.9,182,129.0,-1.8429168076551137,4457
katabatic,0.9,183,128.0,-1.3261839926392933,4457
katabatic,0.9,184,127.35688000374418,-1.0,4457
katabatic,0.9,185,127.0,-0.819740486705376,4457
katabatic,0.9,186,126.0,-0.31954589049173654,4457
katabatic,0.9,187,125.34879861469884,0.0,4457
katabatic,0.9,188,125.0,0.17084184888032886,4457
katabatic,0.9,189,124.0,0.6559060735903142,4457
katabatic,0.9,190,123.27505251924522,1.0,4457
katabatic,0.9,191,123.0,1.13063696328075,4457
katabatic,0.9,192,122.0,1.6019587331768468,4457
katabatic,0.9,193,121.13289122209346,2.0,4457
katabatic,0.9,194,120.99999999999999,2.0612029746532383,4457
katabatic,0.9,195,120.0,2.520132832293152,4457
katabatic,0.9,196,119.0,2.965132552804578,4457
katabatic,0.9,197,118.92147089887716,3.0,4457
katabatic,0.9,198,118.0,3.4116474430567356,4457
katabatic,0.9,199,117.0,3.8457458919796093,4457
katabatic,0.9,200,116.64056518885818,4.0,4457
katabatic,0.9,201,116.00000000000001,4.277381353486634,4457
katabatic,0.9,202,115.0,4.70177831121748,4457
katabatic,0.9,203,114.28079431206453,5.0,4457
katabatic,0.9,204,114.0,5.117818601542008,4457
katabatic,0.9,205,113.0,5.533596494600112,4457
katabatic,0.9,206,112.0,5.936051207611362,4457
katabatic,0.9,207,111.84015051069534,6.0,4457
katabatic,0.9,208,111.0,6.341041943333964,4457
katabatic,0.9,209,110.0,6.735790525964763,4457
katabatic,0.9,210,109.3146987896366,7.0,4457
katabatic,0.9,211,109.0,7.123386970847173,4457
katabatic,0.9,212,108.0,7.510971665531468,4457
katabatic,0.9,213,107.0,7.8854036892315715,4457
katabatic,0.9,214,106.69012293533831,8.0,4457
katabatic,0.9,215,106.0,8.259971615874193,4457
katabatic,0.9,216,105.0,8.627348127058607,4457
katabatic,0.9,217,104.0,8.981675930547521,4457
katabatic,0.9,218,103.948031051909,9.0,4457
katabatic,0.9,219,103.0,9.340831988343533,4457
katabatic,0.9,220,102.0,9.68784479555686,4457
katabatic,0.9,221,101.06773481128972,10.0,4457
katabatic,0.9,222,101.0,10.02313875286278,4457
katabatic,0.9,223,100.0,10.362496334214935,4457
katabatic,0.9,224,99.0,10.688875303580623,4457
katabatic,0.9,225,98.00823433061824,11.0,4457
katabatic,0.9,226,98.0,11.002637764221848,4457
katabatic,0.9,227,97.0,11.321085279005091,4457
katabatic,0.9,228,96.0,11.626837769769924,4457
katabatic,0.9,229,95.0,11.920135124986768,4457
katabatic,0.9,230,94.72298062027633,12.0,4457
katabatic,0.9,231,94.0,12.213354032729361,4457
katabatic,0.9,232,93.0,12.499060208123051,4457
katabatic,0.9,233,92.0,12.772751075418423,4457
katabatic,0.9,234,91.13650637675822,13.0,4457
katabatic,0.9,235,91.0,13.036913068249882,4457
katabatic,0.9,236,90.0,13.303743086754645,4457
katabatic,0.9,237,89.0,13.559088250120453,4457
katabatic,0.9,238,88.0,13.80320301348226,4457
katabatic,0.9,239,87.1605565765132,14.0,4457
katabatic,0.9,240,87.0,14.038913735417342,4457
katabatic,0.9,241,86.0,14.277391337787492,4457
katabatic,0.9,242,85.0,14.505163075304385,4457
katabatic,0.9,243,84.0,14.722467124422096,4457
katabatic,0.9,244,83.0,14.929537540558895,4457
katabatic,0.9,245,82.6504583895817,15.0,4457
katabatic,0.9,246,82.0,15.136649684881593,4457
katabatic,0.9,247,81.0,15.339221234703775,4457
katabatic,0.9,248,80.0,15.531972991846441,4457
katabatic,0.9,249,79.0,15.71512156766686,4457
katabatic,0.9,250,78.0,15.888881715698632,4457
katabatic,0.9,251,77.33250820061492,16.0,4457
katabatic,0.9,252,77.0,16.058165120619872,4457
katabatic,0.9,253,76.0,16.22778104415172,4457
katabatic,0.9,254,75.0,16.3883450611845,4457
katabatic,0.9,255,74.0,16.540075348868655,4457
katabatic,0.9,256,73.0,16.68319215424142,4457
katabatic,0.9,257,72.0,16.817918121085377,4457
katabatic,0.9,258,71.0,16.944478549059475,4457
katabatic,0.9,259,70.54035785077346,17.0,4457
katabatic,0.9,260,70.0,17.06951665035292,4457
katabatic,0.9,261,69.0,17.192094803488224,4457
katabatic,0.9,262,68.0,17.306931699105295,4457
katabatic,0.9,263,67.0,17.414276374103217,4457
katabatic,0.9,264,66.0,17.514380147712064,4457
katabatic,0.9,265,65.0,17.607496159764345,4457
katabatic,0.9,266,64.0,17.6938788480125,4457
katabatic,0.9,267,63.0,17.773783372947783,4457
katabatic,0.9,268,62.0,17.84746499901675,4457
katabatic,0.9,269,61.0,17.915178441268882,4457
katabatic,0.9,270,60.0,17.977177186290454,4457
katabatic,0.9,271,59.603348895660766,18.0,4457
katabatic,0.9,272,59.0,18.038381299370428,4457
katabatic,0.9,273,58.0,18.097152766392227,4457
katabatic,0.9,274,57.00000000000001,18.150661068141716,4457
katabatic,0.9,275,55.99999999999999,18.199142001748232,4457
katabatic,0.9,276,55.0,18.242825284281402,4457
katabatic,0.9,277,54.00000000000001,18.281933951400404,4457
katabatic,0.9,278,53.0,18.31668376423399,4457
katabatic,0.9,279,52.0,18.347282615677553,4457
katabatic,0.9,280,51.0,18.373929924277565,4457
katabatic,0.9,281,50.0,18.3968160005613,4457
katabatic,0.9,282,49.0,18.416121367008493,4457
katabatic,0.9,283,48.0,18.432016008789184,4457
katabatic,0.9,284,47.0,18.44465852783747,4457
katabatic,0.9,285,46.0,18.454195167715035,4457
katabatic,0.9,286,45.0,18.46075867096132,4457
katabatic,0.9,287,44.0,18.46446692414635,4457
katabatic,0.9,288,43.0,18.465421338561292,4457
katabatic,0.9,289,42.0,18.463704906325873,4457
katabatic,0.9,290,41.0,18.459379862583965,4457
katabatic,0.9,291,40.0,18.452484874288793,4457
katabatic,0.9,292,39.0,18.443031664642817,4457
katabatic,0.9,293,38.0,18.431000969111253,4457
katabatic,0.9,294,37.0,18.41633770312348,4457
katabatic,0.9,295,36.0,18.398945201165397,4457
katabatic,0.9,296,35.0,18.378678358204635,4457
katabatic,0.9,297,34.0,18.355335460595757,4457
katabatic,0.9,298,33.0,18.32864842386903,4457
katabatic,0.9,299,32.0,18.298271043168214,4457
katabatic,0.9,300,31.000000000000004,18.263764688382132,4457
katabatic,0.9,301,29.999999999999996,18.22458061923211,4457
katabatic,0.9,302,29.0,18.180037741101827,4457
katabatic,0.9,303,28.0,18.12929418011081,4457
katabatic,0.9,304,27.0,18.07131060632991,4457
katabatic,0.9,305,26.0,18.004802966077293,4457
katabatic,0.9,306,25.937095010196156,18.0,4457
katabatic,0.9,307,25.0,17.945335962891242,4457
katabatic,0.9,308,24.0,17.878338900303646,4457
katabatic,0.9,309,23.0,17.801003675992877,4457
katabatic,0.9,310,22.0,17.711266982774145,4457
katabatic,0.9,311,21.0,17.60656182043166,4457
katabatic,0.9,312,20.0,17.483652234734286,4457
katabatic,0.9,313,19.0,17.338391845503708,4457
katabatic,0.9,314,18.0,17.165360635968625,4457
katabatic,0.9,315,17.19937443872581,17.0,4457
katabatic,0.9,316,17.0,16.96916110681004,4457
katabatic,0.9,317,16.0,16.788485342158886,4457
katabatic,0.9,318,15.0,16.57032470681522,4457
katabatic,0.9,319,14.0,16.303194257584305,4457
katabatic,0.9,320,13.081917772777608,16.0,4457
katabatic,0.9,321,13.0,15.97974993608328,4457
katabatic,0.9,322,12.0,15.693509630529235,4457
katabatic,0.9,323,11.0,15.33017252073531,4457
katabatic,0.9,324,10.275259349933094,15.0,4457
katabatic,0.9,325,10.0,14.904408634727153,4457
katabatic,0.9,326,9.0,14.48499138411686,4457
katabatic,0.9,327,8.144871959303284,14.0,4457
katabatic,0.9,328,8.0,13.935687770468197,4457
katabatic,0.9,329,7.0,13.38741612888274,4457
katabatic,0.9,330,6.475309722994954,13.0,4457
katabatic,0.9,331,6.0,12.707629019718283,4457
katabatic,0.9,332,5.166207905806188,12.0,4457
katabatic,0.9,333,5.0,11.877763504959567,4457
katabatic,0.9,334,4.115142853472757,11.0,4457
katabatic,0.9,335,4.0,10.894866287315706,4457
katabatic,0.9,336,3.234390060068381,10.0,4457
katabatic,0.9,337,3.0,9.723932433265283,4457
katabatic,0.9,338,2.464043140635454,9.0,4457
katabatic,0.9,339,2.0,8.278443839885824,4457
katabatic,0.9,340,1.814589747418423,8.0,4457
katabatic,0.9,341,1.189660226379925,7.0,4457
katabatic,0.9,342,1.0,6.6379448276011415,4457
katabatic,0.9,343,0.5992694252205422,6.0,4457
katabatic,0.9,344,0.14057656350029601,5.0,4457
katabatic,0.9,345,0.0,4.59010156266501,4457
katabatic,0.9,346,-0.35297495715680416,4.0,4457
katabatic,0.9,347,-0.767808546674649,3.0,4457
katabatic,0.9,348,-0.9554354721318649,2.0,4457
katabatic,0.9,349,-1.0,1.6769517252598387,4457
katabatic,0.9,350,-1.367601063178912,1.0,4457
katabatic,0.9,351,-1.7540530348701102,0.0,4457
katabatic,0.9,352,-1.9662320535824565,-1.0,4457
katabatic,0.9,353,-2.0,-1.1872750473250353,4457
katabatic,0.9,354,-2.516526114066428,-2.0,4457
katabatic,0.9,355,-2.824354312134553,-3.0,4457
katabatic,0.9,356,-2.9999999999999996,-3.9157940699857545,4457
katabatic,0.9,357,-3.047384613093834,-4.0,4457
katabatic,0.9,358,-3.506293960718073,-5.0,4457
katabatic,0.9,359,-3.7894480624607376,-6.0,4457
katabatic,0.9,360,-3.9885981606876735,-7.0,4457
katabatic,0.9,361,-4.0,-7.074864677883303,4457
katabatic,0.9,362,-4.313435320270118,-8.0,4457
katabatic,0.9,363,-4.513684461044489,-9.0,4457
katabatic,0.9,364,-4.628933292756382,-10.0,4457
katabatic,0.9,365,-4.682541636893324,-11.0,4457
katabatic,0.9,366,-4.682209437778475,-12.0,4457
katabatic,0.9,367,-4.626791010112335,-13.0,4457
katabatic,0.9,368,-4.509604092690442,-14.0,4457
katabatic,0.9,369,-4.321009840366529,-15.0,4457
katabatic,0.9,370,-4.049555307105771,-16.0,4457
katabatic,0.9,371,-4.0,-16.156965868212218,4457
katabatic,0.9,372,-3.7697814572971597,-17.0,4457
katabatic,0.9,373,-3.412534117586561,-18.0,4457
katabatic,0.9,374,-3.0,-18.906554520317126,4457
katabatic,0.9,375,-2.9598702999584336,-19.0,4457
katabatic,0.9,376,-2.4978985968583878,-20.0,4457
katabatic,0.9,377,-2.0,-20.87468391789297,4457
katabatic,0.9,378,-1.929219242439869,-21.0,4457
katabatic,0.9,379,-1.3345961304777414,-22.0,4457
katabatic,0.9,380,-1.0,-22.503964788290947,4457
katabatic,0.9,381,-0.664519355488135,-23.0,4457
katabatic,0.9,382,0.0,-23.899392352400344,4457
katabatic,0.9,383,0.0768720090696785,-24.0,4457
katabatic,0.9,384,0.8575575972199061,-25.0,4457
katabatic,0.9,385,1.0,-25.17715033209579,4457
katabatic,0.9,386,1.688729856896834,-26.0,4457
katabatic,0.9,387,2.0,-26.36178539925004,4457
katabatic,0.9,388,2.575467692491979,-27.0,4457
katabatic,0.9,389,3.0,-27.466196761891734,4457
katabatic,0.9,390,3.5121042492036,-28.0,4457
katabatic,0.9,391,4.0,-28.510453432761437,4457
katabatic,0.9,392,4.494767018220548,-29.0,4457
katabatic,0.9,393,5.0,-29.5070324292413,4457
katabatic,0.9,394,5.520613650453167,-30.0,4457
katabatic,0.9,395,6.0,-30.464126951661882,4457
katabatic,0.9,396,6.587361928585173,-30.999999999999996,4457
katabatic,0.9,397,7.0,-31.387310698519393,4457
katabatic,0.9,398,7.693077229190203,-32.0,4457
katabatic,0.9,399,8.0,-32.28046682425492,4457
katabatic,0.9,400,8.836111777446678,-33.0,4457
katabatic,0.9,401,9.0,-33.146322377285955,4457
katabatic,0.9,402,10.0,-33.98888368012439,4457
katabatic,0.9,403,10.013751373481043,-34.0,4457
katabatic,0.9,404,11.0,-34.83412398586373,4457
katabatic,0.9,405,11.208841449223367,-35.0,4457
katabatic,0.9,406,12.0,-35.658551438348184,4457
katabatic,0.9,407,12.436577304146333,-36.0,4457
katabatic,0.9,408,13.0,-36.46239102942829,4457
katabatic,0.9,409,13.696793551003896,-37.0,4457
katabatic,0.9,410,14.0,-37.24570770036303,4457
katabatic,0.9,411,14.989456017562146,-38.0,4457
katabatic,0.9,412,15.0,-38.00844804586805,4457
katabatic,0.9,413,16.0,-38.78707442638127,4457
katabatic,0.9,414,16.290921880344897,-39.0,4457
katabatic,0.9,415,17.0,-39.54760465543652,4457
katabatic,0.9,416,17.623406578256482,-40.0,4457
katabatic,0.9,417,18.0,-40.2883838846246,4457
katabatic,0.9,418,18.988204867263097,-41.0,4457
katabatic,0.9,419,19.0,-41.008962669246486,4457
katabatic,0.9,420,20.0,-41.74906708056639,4457
katabatic,0.9,421,20.36075297435175,-42.0,4457
katabatic,0.9,422,21.0,-42.47048099955764,4457
katabatic,0.9,423,21.765778452611286,-43.0,4457
katabatic,0.9,424,22.0,-43.17131439690241,4457
katabatic,0.9,425,23.0,-43.87062159535688,4457
katabatic,0.9,426,23.19332328556906,-44.0,4457
katabatic,0.9,427,24.0,-44.572292754655074,4457
katabatic,0.9,428,24.64220558613153,-45.0,4457
katabatic,0.9,429,25.0,-45.252484463864164,4457
katabatic,0.9,430,26.0,-45.92174947172351,4457
katabatic,0.9,431,26.121298506086355,-46.0,4457
katabatic,0.9,432,27.0,-46.601685636860466,4457
katabatic,0.9,433,27.62002320960824,-47.0,4457
katabatic,0.9,434,28.0,-47.25894502230152,4457
katabatic,0.9,435,29.0,-47.90563983517807,4457
katabatic,0.9,436,29.151591442397223,-48.0,4457
katabatic,0.9,437,30.0,-48.560998061376246,4457
katabatic,0.9,438,30.707881234630747,-49.0,4457
katabatic,0.9,439,31.0,-49.192312310532074,4457
katabatic,0.9,440,32.0,-49.82188083889281,4457
katabatic,0.9,441,32.29636925838333,-50.0,4457
katabatic,0.9,442,33.0,-50.44940204383267,4457
katabatic,0.9,443,33.91917162703649,-51.0,4457
katabatic,0.9,444,34.0,-51.05141476437361,4457
katabatic,0.9,445,35.0,-51.66801329529886,4457
katabatic,0.9,446,35.5717633366565,-52.0,4457
katabatic,0.9,447,36.0,-52.26425648848365,4457
katabatic,0.9,448,37.0,-52.85128774412993,4457
katabatic,0.9,449,37.26421427977368,-53.0,4457
katabatic,0.9,450,38.0,-53.44040097506872,4457
katabatic,0.9,451,38.996896624462835,-54.0,4457
katabatic,0.9,452,38.99999999999999,-54.001850996426406,4457
katabatic,0.9,453,40.0,-54.58232129426142,4457
katabatic,0.9,454,40.767254389359834,-55.0,4457
katabatic,0.9,455,41.0,-55.13468242031343,4457
katabatic,0.9,456,42.0,-55.69193810523062,4457
katabatic,0.9,457,42.583377001138544,-56.0,4457
katabatic,0.9,458,43.0,-56.233927075739444,4457
katabatic,0.9,459,44.0,-56.770735481209904,4457
katabatic,0.9,460,44.447415377513806,-57.0,4457
katabatic,0.9,461,45.0,-57.30112292995189,4457
katabatic,0.9,462,46.0,-57.81986256465317,4457
katabatic,0.9,463,46.36211151187999,-58.0,4457
katabatic,0.9,464,47.0,-58.33748296727609,4457
katabatic,0.9,465,48.0,-58.840229664018906,4457
katabatic,0.9,466,48.33063138361771,-59.0,4457
katabatic,0.9,467,49.0,-59.34399456519431,4457
katabatic,0.9,468,50.0,-59.832602361167446,4457
katabatic,0.9,469,50.3563558220981,-60.0,4457
katabatic,0.9,470,51.0,-60.32151569734714,4457
katabatic,0.9,471,52.0,-60.797692101297784,4457
katabatic,0.9,472,52.44261997675403,-61.0,4457
katabatic,0.9,473,53.0,-61.27086548263134,4457
katabatic,0.9,474,54.0,-61.73623782742163,4457
katabatic,0.9,475,54.59241051435491,-62.0,4457
katabatic,0.9,476,55.0,-62.19290334371577,4457
katabatic,0.9,477,56.0,-62.64907131519933,4457
katabatic,0.9,478,56.80804987204476,-63.0,4457
katabatic,0.9,479,57.0,-63.08858970150719,4457
katabatic,0.9,480,58.0,-63.53715922634899,4457
katabatic,0.9,481,59.0,-63.962602307682936,4457
katabatic,0.9,482,59.09006726435659,-64.0,4457
katabatic,0.9,483,60.0,-64.40161726549033,4457
katabatic,0.9,484,61.0,-64.82232869980018,4457
katabatic,0.9,485,61.4365236620183,-65.0,4457
katabatic,0.9,486,62.00000000000001,-65.24369550560948,4457
katabatic,0.9,487,63.0,-65.66121628110604,4457
katabatic,0.9,488,63.84752389123685,-66.0,4457
katabatic,0.9,489,64.0,-66.06473799704948,4457
katabatic,0.9,490,65.0,-66.48056999929835,4457
katabatic,0.9,491,66.0,-66.87770764935397,4457
katabatic,0.9,492,66.31559132342234,-67.0,4457
katabatic,0.9,493,67.0,-67.28168056432162,4457
katabatic,0.9,494,68.0,-67.67935242802682,4457
katabatic,0.9,495,68.83810272965827,-68.0,4457
katabatic,0.9,496,69.0,-68.06575329937881,4457
katabatic,0.9,497,70.0,-68.46508245264832,4457
katabatic,0.9,498,71.0,-68.84804952143442,4457
katabatic,0.9,499,71.40617833848876,-69.0,4457
katabatic,0.9,500,72.0,-69.23575402275972,4457
katabatic,0.9,501,73.0,-69.62172603892161,4457
katabatic,0.9,502,74.0,-69.99266720026094,4457
katabatic,0.9,503,74.01998044975656,-70.0,4457
katabatic,0.9,504,75.0,-70.38150590002246,4457
katabatic,0.9,505,76.0,-70.75620252359583,4457
katabatic,0.9,506,76.66957120662076,-71.0,4457
katabatic,0.9,507,76.99999999999999,-71.1275282477763,4457
katabatic,0.9,508,78.0,-71.50613825558932,4457
katabatic,0.9,509,79.0,-71.87094753343425,4457
katabatic,0.9,510,79.36080973452255,-72.0,4457
katabatic,0.9,511,80.0,-72.24214225551215,4457
katabatic,0.9,512,81.0,-72.61072625718757,4457
katabatic,0.9,513,82.0,-72.96644555338331,4457
katabatic,0.9,514,82.09565667162869,-73.0,4457
katabatic,0.9,515,83.0,-73.33565215080924,4457
katabatic,0.9,516,84.0,-73.69458551467899,4457
katabatic,0.9,517,84.87819792787072,-74.0,4457
katabatic,0.9,518,85.0,-74.04478048576031,4457
katabatic,0.9,519,86.0,-74.40633369685885,4457
katabatic,0.9,520,87.0,-74.75557166386014,4457
katabatic,0.9,521,87.71984661444277,-75.0,4457
katabatic,0.9,522,88.0,-75.10044045264544,4457
katabatic,0.9,523,89.0,-75.45120341858194,4457
katabatic,0.9,524,90.0,-75.79032582470228,4457
katabatic,0.9,525,90.63530371088888,-76.0,4457
katabatic,0.9,526,91.0,-76.12691119104903,4457
katabatic,0.9,527,92.0,-76.46622129603676,4457
katabatic,0.9,528,93.0,-76.79444837867183,4457
katabatic,0.9,529,93.64415237920458,-77.0,4457
katabatic,0.9,530,94.0,-77.11955285814503,4457
katabatic,0.9,531,95.0,-77.44642055701624,4457
katabatic,0.9,532,96.0,-77.76261323131115,4457
katabatic,0.9,533,96.77393872179775,-78.0,4457
katabatic,0.9,534,97.0,-78.07289022812354,4457
katabatic,0.9,535,98.0,-78.38599008856673,4457
katabatic,0.9,536,99.0,-78.6886491947738,4457
katabatic,0.9,537,100.0,-78.98160989941171,4457
katabatic,0.9,538,100.0648135177404,-79.0,4457
katabatic,0.9,539,101.0,-79.27834055413003,4457
katabatic,0.9,540,102.0,-79.56561809495958,4457
katabatic,0.9,541,103.0,-79.84311967510422,4457
katabatic,0.9,542,103.58578234956948,-80.0,4457
katabatic,0.9,543,104.0,-80.11618277018985,4457
katabatic,0.9,544,105.0,-80.385915035826,4457
katabatic,0.9,545,106.0,-80.64561758891011,4457
katabatic,0.9,546,107.0,-80.89568398561727,4457
katabatic,0.9,547,107.43535592580592,-81.0,4457
katabatic,0.9,548,107.99999999999999,-81.14140774900001,4457
katabatic,0.9,549,109.0,-81.38074978412251,4457
katabatic,0.9,550,110.0,-81.60995628557959,4457
katabatic,0.9,551,111.0,-81.82923417645495,4457
katabatic,0.9,552,111.81693564460844,-82.0,4457
katabatic,0.9,553,112.0,-82.0399205983395,4457
katabatic,0.9,554,113.0,-82.24551595905346,4457
katabatic,0.9,555,114.0,-82.44055005446833,4457
katabatic,0.9,556,115.0,-82.62510592814698,4457
katabatic,0.9,557,116.0,-82.79921635016053,4457
katabatic,0.9,558,117.0,-82.96287411770163,4457
katabatic,0.9,559,117.2452512260675,-83.0,4457
katabatic,0.9,560,117.99999999999999,-83.11890445647322,4457
katabatic,0.9,561,119.0,-83.26479281253572,4457
katabatic,0.9,562,120.0,-83.39957695462135,4457
katabatic,0.9,563,121.0,-83.52322771730059,4457
katabatic,0.9,564,122.0,-83.63569950273249,4457
katabatic,0.9,565,123.0,-83.73693429833868,4457
katabatic,0.9,566,124.0,-83.82686376661906,4457
katabatic,0.9,567,125.0,-83.90540939008623,4457
katabatic,0.9,568,126.0,-83.97248081177595,4457
katabatic,0.9,569,126.5005545661123,-84.0,4457
katabatic,0.9,570,127.0,-84.02848734879109,4457
anabatic,0.1,0,-5.0,-1.7472558721756406,3384
anabatic,0.1,1,-4.0,-2.0,3384
anabatic,0.1,2,-3.0,-1.7460780894420647,3384
anabatic,0.1,3,-2.202916479669926,-1.0,3384
anabatic,0.1,4,-2.0,-0.49463122960175776,3384
anabatic,0.1,5,-1.8855889351636768,0.0,3384
anabatic,0.1,6,-2.0,0.4701400759874997,3384
anabatic,0.1,7,-2.216413167458558,1.0,3384
anabatic,0.1,8,-3.0,1.7925999243512352,3384
anabatic,0.1,9,-3.6523273595930323,2.0,3384
anabatic,0.1,10,-4.0,2.104585759200555,3384
anabatic,0.1,11,-4.677157523824196,2.0,3384
anabatic,0.1,12,-5.0,1.9237887989039075,3384
anabatic,0.1,13,-6.0,1.0945115604275606,3384
anabatic,0.1,14,-6.078007332488536,1.0,3384
anabatic,0.1,15,-6.314542371730946,0.0,3384
anabatic,0.1,16,-6.0,-0.8671108730781837,3384
anabatic,0.1,17,-5.9458484552952475,-1.0,3384
anabatic,0.1,18,-5.0,-1.7472558721756406,3384
anabatic,0.2,0,-5.0,-3.0124855396468666,3384
anabatic,0.2,1,-4.0,-3.0177361278882375,3384
anabatic,0.2,2,-3.949129617284999,-3.0,3384
anabatic,0.2,3,-3.0,-2.732524091180813,3384
anabatic,0.2,4,-2.045009185191084,-2.0,3384
anabatic,0.2,5,-2.0,-1.958190571481341,3384
anabatic,0.2,6,-1.4310065045603655,-1.0,3384
anabatic,0.2,7,-1.237876018985454,0.0,3384
anabatic,0.2,8,-1.4234794682414122,1.0,3384
anabatic,0.2,9,-2.0,2.0,3384
anabatic,0.2,10,-2.0,2.0,3384
anabatic,0.2,11,-3.0,2.8179712025786046,3384
anabatic,0.2,12,-3.5644386675638122,3.0,3384
anabatic,0.2,13,-4.0,3.1663520500856386,3384
anabatic,0.2,14,-5.0,3.201139212222607,3384
anabatic,0.2,15,-5.8417329117784496,3.0,3384
anabatic,0.2,16,-6.0,2.953730279314918,3384
anabatic,0.2,17,-7.0,2.3677719712830405,3384
anabatic,0.2,18,-7.424969943357636,2.0,3384
anabatic,0.2,19,-8.0,1.0011872349548034,3384
anabatic,0.2,20,-8.000658816636046,1.0,3384
anabatic,0.2,21,-8.148797500883429,0.0,3384
anabatic,0.2,22,-8.0,-0.5488982353539935,3384
anabatic,0.2,23,-7.890181883722182,-1.0,3384
anabatic,0.2,24,-7.155901809558549,-2.0,3384
anabatic,0.2,25,-7.0,-2.1239013445300357,3384
anabatic,0.2,26,-6.0,-2.732742596053317,3384
anabatic,0.2,27,-5.052050617104231,-3.0,3384
anabatic,0.2,28,-5.0,-3.0124855396468666,3384
anabatic,0.30000000000000004,0,-5.0,-4.079893295191246,3384
anabatic,0.30000000000000004,1,-4.4653558191848415,-4.0,3384
anabatic,0.30000000000000004,2,-4.0,-3.9523466154104177,3384
anabatic,0.30000000000000004,3,-3.0,-3.6232109393727994,3384
anabatic,0.30000000000000004,4,-2.183182718124436,-3.0,3384
anabatic,0.30000000000000004,5,-2.0,-2.8682091453197343,3384
anabatic,0.30000000000000004,6,-1.3315282419192407,-2.0,3384
anabatic,0.30000000000000004,7,-1.0,-1.3038943151391509,3384
anabatic,0.30000000000000004,8,-0.868470569672469,-1.0,3384
anabatic,0.30000000000000004,9,-0.6988781972104403,0.0,3384
anabatic,0.30000000000000004,10,-0.8327649780921624,1.0,3384
anabatic,0.30000000000000004,11,-1.0,1.4242856939814534,3384
anabatic,0.30000000000000004,12,-1.2518714191826206,2.0,3384
anabatic,0.30000000000000004,13,-2.0,2.9817719889024294,3384
anabatic,0.30000000000000004,14,-2.023567428503754,3.0,3384
anabatic,0.30000000000000004,15,-3.0,3.7551066714514754,3384
anabatic,0.30000000000000004,16,-3.698657132498108,4.0,3384
anabatic,0.30000000000000004,17,-4.0,4.137069592256261,3384
anabatic,0.30000000000000004,18,-5.0,4.304367673859385,3384
anabatic,0.30000000000000004,19,-6.0,4.259448986522948,3384
anabatic,0.30000000000000004,20,-7.0,4.022234526742532,3384
anabatic,0.30000000000000004,21,-7.060568872051324,4.0,3384
anabatic,0.30000000000000004,22,-8.0,3.5956344540170155,3384
anabatic,0.30000000000000004,23,-8.870192478715014,3.0,3384
anabatic,0.30000000000000004,24,-9.0,2.865242650577805,3384
anabatic,0.30000000000000004,25,-9.734009847546506,2.0,3384
anabatic,0.30000000000000004,26,-10.0,1.3363159500968362,3384
anabatic,0.30000000000000004,27,-10.143789413221182,1.0,3384
anabatic,0.30000000000000004,28,-10.241910151613801,0.0,3384
anabatic,0.30000000000000004,29,-10.013808111900074,-1.0,3384
anabatic,0.30000000000000004,30,-10.0,-1.0252728934437179,3384
anabatic,0.30000000000000004,31,-9.48924023913664,-2.0,3384
anabatic,0.30000000000000004,32,-9.0,-2.5095542832080344,3384
anabatic,0.30000000000000004,33,-8.455177293704585,-3.0,3384
anabatic,0.30000000000000004,34,-8.0,-3.2895242978399493,3384
anabatic,0.30000000000000004,35,-7.0,-3.755400096164144,3384
anabatic,0.30000000000000004,36,-6.0,-4.0,3384
anabatic,0.30000000000000004,37,-6.0,-4.0,3384
anabatic,0.30000000000000004,38,-5.0,-4.079893295191246,3384
anabatic,0.4,0,-8.0,-5.023843875316806,3384
anabatic,0.4,1,-7.0,-5.2271997927162905,3384
anabatic,0.4,2,-6.0,-5.294551292475646,3384
anabatic,0.4,3,-5.0,-5.216824431777665,3384
anabatic,0.4,4,-4.204872281094304,-5.0,3384
anabatic,0.4,5,-4.0,-4.962769346078315,3384
anabatic,0.4,6,-3.0,-4.579247278870723,3384
anabatic,0.4,7,-2.266752109093262,-4.0,3384
anabatic,0.4,8,-2.0,-3.8169061278981147,3384
anabatic,0.4,9,-1.3217673080347874,-3.0,3384
anabatic,0.4,10,-1.0,-2.5064195533756095,3384
anabatic,0.4,11,-0.7184960834074565,-2.0,3384
anabatic,0.4,12,-0.36890368178065835,-1.0,3384
anabatic,0.4,13,-0.25354407136978707,0.0,3384
anabatic,0.4,14,-0.30381676518370704,1.0,3384
anabatic,0.4,15,-0.5692566111326413,2.0,3384
anabatic,0.4,16,-1.0,2.7957278505739045,3384
anabatic,0.4,17,-1.1305350144677808,3.0,3384
anabatic,0.4,18,-1.996910246528184,4.0,3384
anabatic,0.4,19,-2.0,4.003312569497383,3384
anabatic,0.4,20,-3.0,4.7680337360493334,3384
anabatic,0.4,21,-3.600974289279068,5.0,3384
anabatic,0.4,22,-4.0,5.205705917761495,3384
anabatic,0.4,23,-5.0,5.47419027414532,3384
anabatic,0.4,24,-6.0,5.57028038653271,3384
anabatic,0.4,25,-7.0,5.536161847954176,3384
anabatic,0.4,26,-8.0,5.376107339243501,3384
anabatic,0.4,27,-9.0,5.07622577033056,3384
anabatic,0.4,28,-9.192980518626815,5.0,3384
anabatic,0.4,29,-10.0,4.641010495748004,3384
anabatic,0.4,30,-10.994164491772922,4.0,3384
anabatic,0.4,31,-11.0,3.9949570181739587,3384
anabatic,0.4,32,-12.0,3.0,3384
anabatic,0.4,33,-12.0,3.0,3384
anabatic,0.4,34,-12.622724940356672,2.0,3384
anabatic,0.4,35,-12.916477279118869,1.0,3384
anabatic,0.4,36,-12.971706711152416,0.0,3384
anabatic,0.4,37,-12.806803484015369,-1.0,3384
anabatic,0.4,38,-12.377070955350597,-2.0,3384
anabatic,0.4,39,-12.0,-2.50629054725409,3384
anabatic,0.4,40,-11.626827847816854,-3.0,3384
anabatic,0.4,41,-11.0,-3.55597141510398,3384
anabatic,0.4,42,-10.411642370918571,-4.0,3384
anabatic,0.4,43,-10.0,-4.2447422890068545,3384
anabatic,0.4,44,-9.0,-4.718687637465409,3384
anabatic,0.4,45,-8.080453469378973,-5.0,3384
anabatic,0.4,46,-8.0,-5.023843875316806,3384
anabatic,0.5,0,-11.0,-6.07634637164937,3384
anabatic,0.5,1,-10.0,-6.373571249689046,3384
anabatic,0.5,2,-9.0,-6.567327882885191,3384
anabatic,0.5,3,-8.0,-6.669283738336091,3384
anabatic,0.5,4,-7.0,-6.685210399133538,3384
anabatic,0.5,5,-6.0,-6.611262288147986,3384
anabatic,0.5,6,-5.0,-6.424867620604516,3384
anabatic,0.5,7,-4.0,-6.060812601558862,3384
anabatic,0.5,8,-3.8965622528680286,-6.000000000000001,3384
anabatic,0.5,9,-3.0,-5.612435484267297,3384
anabatic,0.5,10,-2.2524558905536596,-5.0,3384
anabatic,0.5,11,-2.0,-4.82266630859526,3384
anabatic,0.5,12,-1.3004395885897588,-4.0,3384
anabatic,0.5,13,-1.0,-3.5806762788858486,3384
anabatic,0.5,14,-0.6528267550708935,-3.0,3384
anabatic,0.5,15,-0.23171733201104683,-2.0,3384
anabatic,0.5,16,-0.026030747638621232,-1.0,3384
anabatic,0.5,17,0.0,-0.6918819332366284,3384
anabatic,0.5,18,0.1262003104481953,0.0,3384
anabatic,0.5,19,0.12816189359445007,1.0,3384
anabatic,0.5,20,0.0,1.621216764937365,3384
anabatic,0.5,21,-0.051499417102171985,2.0,3384
anabatic,0.5,22,-0.3562912011221342,3.0,3384
anabatic,0.5,23,-0.992191280437877,4.0,3384
anabatic,0.5,24,-1.0,4.011007061285635,3384
anabatic,0.5,25,-1.8762284732004628,5.0,3384
anabatic,0.5,26,-2.0,5.127115261924735,3384
anabatic,0.5,27,-3.0,5.858947585252053,3384
anabatic,0.5,28,-3.332748068221699,6.0,3384
anabatic,0.5,29,-4.0,6.376535080035989,3384
anabatic,0.5,30,-5.0,6.7074590145521125,3384
anabatic,0.5,31,-6.0,6.89313029511798,3384
anabatic,0.5,32,-7.0,6.985084292919035,3384
anabatic,0.5,33,-8.0,7.0,3384
anabatic,0.5,34,-9.0,6.93820195894561,3384
anabatic,0.5,35,-10.0,6.791290019947955,3384
anabatic,0.5,36,-11.0,6.545199145479057,3384
anabatic,0.5,37,-12.000000000000002,6.1813296225455225,3384
anabatic,0.5,38,-12.401890786115086,6.0,3384
anabatic,0.5,39,-13.0,5.695739823684137,3384
anabatic,0.5,40,-14.0,5.040191091148241,3384
anabatic,0.5,41,-14.055493105816023,5.0,3384
anabatic,0.5,42,-15.0,4.117446260774523,3384
anabatic,0.5,43,-15.114982807940535,4.0,3384
anabatic,0.5,44,-15.822054914405381,3.0,3384
anabatic,0.5,45,-16.0,2.5887881318002988,3384
anabatic,0.5,46,-16.27126764337274,2.0,3384
anabatic,0.5,47,-16.510151977666432,1.0,3384
anabatic,0.5,48,-16.550312924023373,0.0,3384
anabatic,0.5,49,-16.397867978655846,-1.0,3384
anabatic,0.5,50,-16.024901261050246,-2.0,3384
anabatic,0.5,51,-16.0,-2.04235383177582,3384
anabatic,0.5,52,-15.458692810657372,-3.0,3384
anabatic,0.5,53,-15.0,-3.5345802270498803,3384
anabatic,0.5,54,-14.585722224058403,-4.0,3384
anabatic,0.5,55,-14.0,-4.489736035632068,3384
anabatic,0.5,56,-13.29763690851787,-5.0,3384
anabatic,0.5,57,-13.0,-5.178910839824725,3384
anabatic,0.5,58,-12.0,-5.6962380021546135,3384
anabatic,0.5,59,-11.209664219007546,-6.0,3384
anabatic,0.5,60,-11.0,-6.07634637164937,3384
anabatic,0.6,0,-13.000000000000002,-8.241699530390441,3384
anabatic,0.6,1,-12.0,-8.42206097482844,3384
anabatic,0.6,2,-11.0,-8.538109965143516,3384
anabatic,0.6,3,-10.0,-8.594769395401691,3384
anabatic,0.6,4,-9.0,-8.593772009581796,3384
anabatic,0.6,5,-8.0,-8.532160205440963,3384
anabatic,0.6,6,-7.0,-8.399188049810544,3384
anabatic,0.6,7,-6.0,-8.170005864910019,3384
anabatic,0.6,8,-5.528608103659588,-8.0,3384
anabatic,0.6,9,-5.0,-7.869265281311558,3384
anabatic,0.6,10,-4.0,-7.484340159280489,3384
anabatic,0.6,11,-3.2431397820505556,-7.0,3384
anabatic,0.6,12,-3.0,-6.882085734257526,3384
anabatic,0.6,13,-2.0,-6.054245187388429,3384
anabatic,0.6,14,-1.9529120599670242,-6.0,3384
anabatic,0.6,15,-1.1117212342911418,-5.0,3384
anabatic,0.6,16,-1.0,-4.8489084497655845,3384
anabatic,0.6,17,-0.47851008051238064,-4.0,3384
anabatic,0.6,18,-0.10131603107176379,-3.0,3384
anabatic,0.6,19,0.0,-2.6303680088817463,3384
anabatic,0.6,20,0.2672347311284921,-2.0,3384
anabatic,0.6,21,0.5288061594429301,-1.0,3384
anabatic,0.6,22,0.6393531520010068,0.0,3384
anabatic,0.6,23,0.6727710063023389,1.0,3384
anabatic,0.6,24,0.6068472055993628,2.0,3384
anabatic,0.6,25,0.3885815125261607,3.0,3384
anabatic,0.6,26,0.0,3.877935586438058,3384
anabatic,0.6,27,-0.04880052601837259,4.0,3384
anabatic,0.6,28,-0.5924623325283946,5.0,3384
anabatic,0.6,29,-1.0,5.537160154848042,3384
anabatic,0.6,30,-1.4421486390337683,6.0,3384
anabatic,0.6,31,-2.0,6.558485630188764,3384
anabatic,0.6,32,-2.64796539546284,7.0,3384
anabatic,0.6,33,-3.0,7.277079433210115,3384
anabatic,0.6,34,-4.0,7.8221128453462185,3384
anabatic,0.6,35,-4.505315981804997,8.0,3384
anabatic,0.6,36,-5.0,8.239794119452254,3384
anabatic,0.6,37,-6.0,8.568665526515362,3384
anabatic,0.6,38,-7.0,8.78202648566426,3384
anabatic,0.6,39,-8.0,8.919719631372812,3384
anabatic,0.6,40,-9.0,9.0,3384
anabatic,0.6,41,-9.0,9.0,3384
anabatic,0.6,42,-10.0,9.039258744059735,3384
anabatic,0.6,43,-11.000000000000002,9.011706863491542,3384
anabatic,0.6,44,-11.135685640896668,9.0,3384
anabatic,0.6,45,-12.0,8.934787156866822,3384
anabatic,0.6,46,-13.0,8.800229681667775,3384
anabatic,0.6,47,-14.0,8.596779896220719,3384
anabatic,0.6,48,-15.0,8.313734636974836,3384
anabatic,0.6,49,-15.854326059639915,8.0,3384
anabatic,0.6,50,-16.0,7.9437065630304,3384
anabatic,0.6,51,-17.0,7.4932697637123,3384
anabatic,0.6,52,-17.865680872496558,7.0,3384
anabatic,0.6,53,-18.0,6.911193234336434,3384
anabatic,0.6,54,-19.0,6.170241335532708,3384
anabatic,0.6,55,-19.20745182681064,6.0,3384
anabatic,0.6,56,-20.0,5.179114371508076,3384
anabatic,0.6,57,-20.163990450655476,5.0,3384
anabatic,0.6,58,-20.8590985023329,4.0,3384
anabatic,0.6,59,-21.0,3.710093506756923,3384
anabatic,0.6,60,-21.360488145361742,3.0,3384
anabatic,0.6,61,-21.686409499217124,2.0,3384
anabatic,0.6,62,-21.85471240047786,1.0,3384
anabatic,0.6,63,-21.882145259862103,0.0,3384
anabatic,0.6,64,-21.76810714678588,-1.0,3384
anabatic,0.6,65,-21.495718489724606,-2.0,3384
anabatic,0.6,66,-21.03021002806185,-3.0,3384
anabatic,0.6,67,-21.0,-3.046866786124489,3384
anabatic,0.6,68,-20.398757402784163,-4.0,3384
anabatic,0.6,69,-20.0,-4.459665293480887,3384
anabatic,0.6,70,-19.518345324111973,-5.0,3384
anabatic,0.6,71,-19.0,-5.456915450386155,3384
anabatic,0.6,72,-18.326033625689313,-6.0,3384
anabatic,0.6,73,-18.0,-6.220582106696073,3384
anabatic,0.6,74,-17.0,-6.822429949609935,3384
anabatic,0.6,75,-16.657972766522022,-7.0,3384
anabatic,0.6,76,-16.0,-7.310165411322167,3384
anabatic,0.6,77,-15.0,-7.698107581533621,3384
anabatic,0.6,78,-14.0,-7.991071185907294,3384
anabatic,0.6,79,-13.963401471318292,-8.0,3384
anabatic,0.6,80,-13.000000000000002,-8.241699530390441,3384
anabatic,0.7000000000000001,0,-18.000000000000004,-11.014371287476292,3384
anabatic,0.7000000000000001,1,-17.0,-11.17221771818842,3384
anabatic,0.7000000000000001,2,-16.0,-11.285747527829447,3384
anabatic,0.7000000000000001,3,-15.0,-11.35847059094999,3384
anabatic,0.7000000000000001,4,-14.0,-11.392719930736458,3384
anabatic,0.7000000000000001,5,-13.0,-11.389455825930106,3384
anabatic,0.7000000000000001,6,-12.0,-11.34792268641373,3384
anabatic,0.7000000000000001,7,-11.0,-11.265019896393966,3384
anabatic,0.7000000000000001,8,-10.0,-11.134196708809014,3384
anabatic,0.7000000000000001,9,-9.293791223765531,-11.0,3384
anabatic,0.7000000000000001,10,-9.0,-10.960158584342008,3384
anabatic,0.7000000000000001,11,-8.0,-10.77478663636748,3384
anabatic,0.7000000000000001,12,-7.0,-10.521076224282282,3384
anabatic,0.7000000000000001,13,-6.0,-10.162815012486998,3384
anabatic,0.7000000000000001,14,-5.661365333793839,-10.0,3384
anabatic,0.7000000000000001,15,-5.0,-9.766758333280638,3384
anabatic,0.7000000000000001,16,-4.0,-9.249726568104961,3384
anabatic,0.7000000000000001,17,-3.653319996998742,-9.0,3384
anabatic,0.7000000000000001,18,-3.0,-8.619426713284446,3384
anabatic,0.7000000000000001,19,-2.304239679055498,-8.0,3384
anabatic,0.7000000000000001,20,-2.0,-7.755977384748786,3384
anabatic,0.7000000000000001,21,-1.3401962096481337,-7.0,3384
anabatic,0.7000000000000001,22,-1.0,-6.559487611331042,3384
anabatic,0.7000000000000001,23,-0.6378743719233695,-6.0,3384
anabatic,0.7000000000000001,24,-0.16085052737651095,-5.0,3384
anabatic,0.7000000000000001,25,0.0,-4.503848368148415,3384
anabatic,0.7000000000000001,26,0.21837773050128154,-4.0,3384
anabatic,0.7000000000000001,27,0.5691792713805011,-3.0,3384
anabatic,0.7000000000000001,28,0.7773001449219139,-2.0,3384
anabatic,0.7000000000000001,29,0.8839095327508032,-1.0,3384
anabatic,0.7000000000000001,30,0.9462048519275976,0.0,3384
anabatic,0.7000000000000001,31,0.9984327166111753,1.0,3384
anabatic,0.7000000000000001,32,1.0,1.0626272440041518,3384
anabatic,0.7000000000000001,33,1.0996553956866608,2.0,3384
anabatic,0.7000000000000001,34,1.033453063830597,3.0,3384
anabatic,0.7000000000000001,35,1.0,3.155409316972544,3384
anabatic,0.7000000000000001,36,0.8889236576592384,4.0,3384
anabatic,0.7000000000000001,37,0.5831488643173549,5.0,3384
anabatic,0.7000000000000001,38,0.006202222219754869,6.0,3384
anabatic,0.7000000000000001,39,0.0,6.010026702944084,3384
anabatic,0.7000000000000001,40,-0.6512595236505213,7.0,3384
anabatic,0.7000000000000001,41,-1.0,7.427264505994433,3384
anabatic,0.7000000000000001,42,-1.585709857564976,8.0,3384
anabatic,0.7000000000000001,43,-2.0,8.405342037280999,3384
anabatic,0.7000000000000001,44,-2.834380342659354,9.0,3384
anabatic,0.7000000000000001,45,-3.0,9.133826980937544,3384
anabatic,0.7000000000000001,46,-4.0,9.765143055574443,3384
anabatic,0.7000000000000001,47,-4.539643514557949,10.0,3384
anabatic,0.7000000000000001,48,-5.0,10.259584465971672,3384
anabatic,0.7000000000000001,49,-6.0,10.681483462682102,3384
anabatic,0.7000000000000001,50,-7.0,10.981972189521027,3384
anabatic,0.7000000000000001,51,-7.0766467265616315,11.0,3384
anabatic,0.7000000000000001,52,-8.0,11.29925575138169,3384
anabatic,0.7000000000000001,53,-9.0,11.540132629529294,3384
anabatic,0.7000000000000001,54,-10.0,11.720730383668041,3384
anabatic,0.7000000000000001,55,-11.0,11.855343183917869,3384
anabatic,0.7000000000000001,56,-12.0,11.951889513581307,3384
anabatic,0.7000000000000001,57,-12.779643384670727,12.0,3384
anabatic,0.7000000000000001,58,-13.0,12.01836501197841,3384
anabatic,0.7000000000000001,59,-14.0,12.055113921153275,3384
anabatic,0.7000000000000001,60,-15.0,12.048986481899677,3384
anabatic,0.7000000000000001,61,-16.0,12.0,3384
anabatic,0.7000000000000001,62,-16.0,12.0,3384
anabatic,0.7000000000000001,63,-17.0,11.921715496468186,3384
anabatic,0.7000000000000001,64,-18.0,11.800803800463614,3384
anabatic,0.7000000000000001,65,-19.0,11.63248353971133,3384
anabatic,0.7000000000000001,66,-20.0,11.411203495239764,3384
anabatic,0.7000000000000001,67,-21.0,11.13062168122324,3384
anabatic,0.7000000000000001,68,-21.40129930220445,11.0,3384
anabatic,0.7000000000000001,69,-22.0,10.800781010177003,3384
anabatic,0.7000000000000001,70,-23.0,10.405418654164666,3384
anabatic,0.7000000000000001,71,-23.854381460683197,10.0,3384
anabatic,0.7000000000000001,72,-24.0,9.924785889591755,3384
anabatic,0.7000000000000001,73,-25.0,9.355027487332375,3384
anabatic,0.7000000000000001,74,-25.545485847254994,9.0,3384
anabatic,0.7000000000000001,75,-26.0,8.659411817588902,3384
anabatic,0.7000000000000001,76,-26.799467972387042,8.0,3384
anabatic,0.7000000000000001,77,-27.0,7.801377947897211,3384
anabatic,0.7000000000000001,78,-27.769606622481113,7.0,3384
anabatic,0.7000000000000001,79,-28.0,6.7005378598914564,3384
anabatic,0.7000000000000001,80,-28.532340714549058,6.0,3384
anabatic,0.7000000000000001,81,-29.0,5.202722998441821,3384
anabatic,0.7000000000000001,82,-29.121081305293366,5.0,3384
anabatic,0.7000000000000001,83,-29.591704137589105,4.0,3384
anabatic,0.7000000000000001,84,-29.929732048670708,3.0,3384
anabatic,0.7000000000000001,85,-30.0,2.6976212344044597,3384
anabatic,0.7000000000000001,86,-30.175477106404017,2.0,3384
anabatic,0.7000000000000001,87,-30.318098285378106,1.0,3384
anabatic,0.7000000000000001,88,-30.351902436746997,0.0,3384
anabatic,0.7000000000000001,89,-30.272302249072638,-1.0,3384
anabatic,0.7000000000000001,90,-30.068057793498102,-2.0,3384
anabatic,0.7000000000000001,91,-30.0,-2.203459306717404,3384
anabatic,0.7000000000000001,92,-29.749960164362324,-3.0,3384
anabatic,0.7000000000000001,93,-29.285259599892694,-4.0,3384
anabatic,0.7000000000000001,94,-29.0,-4.457227815719391,3384
anabatic,0.7000000000000001,95,-28.6681878574793,-5.0,3384
anabatic,0.7000000000000001,96,-28.0,-5.841168504181652,3384
anabatic,0.7000000000000001,97,-27.87299729538679,-6.0,3384
anabatic,0.7000000000000001,98,-27.0,-6.886489001064755,3384
anabatic,0.7000000000000001,99,-26.88381169169103,-7.0,3384
anabatic,0.7000000000000001,100,-26.0,-7.731925136765841,3384
anabatic,0.7000000000000001,101,-25.64992889922992,-8.0,3384
anabatic,0.7000000000000001,102,-25.0,-8.437536036852487,3384
anabatic,0.7000000000000001,103,-24.04936145868192,-9.0,3384
anabatic,0.7000000000000001,104,-24.0,-9.02656835688199,3384
anabatic,0.7000000000000001,105,-23.0,-9.530688812311599,3384
anabatic,0.7000000000000001,106,-22.0,-9.944661332545284,3384
anabatic,0.7000000000000001,107,-21.85064166083478,-10.0,3384
anabatic,0.7000000000000001,108,-21.0,-10.303771883275862,3384
anabatic,0.7000000000000001,109,-20.0,-10.598373197141239,3384
anabatic,0.7000000000000001,110,-19.0,-10.832146148637959,3384
anabatic,0.7000000000000001,111,-18.075572958434805,-11.0,3384
anabatic,0.7000000000000001,112,-18.000000000000004,-11.014371287476292,3384
anabatic,0.8,0,-30.0,-16.043805152557614,3384
anabatic,0.8,1,-29.0,-16.21094510573761,3384
anabatic,0.8,2,-28.0,-16.344806839198093,3384
anabatic,0.8,3,-27.0,-16.448327014326164,3384
anabatic,0.8,4,-26.0,-16.524096373184104,3384
anabatic,0.8,5,-25.0,-16.574347364921735,3384
anabatic,0.8,6,-24.0,-16.600940363210903,3384
anabatic,0.8,7,-23.0,-16.60534603282781,3384
anabatic,0.8,8,-22.0,-16.58862076602909,3384
anabatic,0.8,9,-21.0,-16.551371329795913,3384
anabatic,0.8,10,-20.0,-16.493703781812677,3384
anabatic,0.8,11,-19.0,-16.41514979904629,3384
anabatic,0.8,12,-18.0,-16.31455983250385,3384
anabatic,0.8,13,-17.0,-16.189946383499247,3384
anabatic,0.8,14,-16.0,-16.0382518663476,3384
anabatic,0.8,15,-15.789718104391005,-16.0,3384
anabatic,0.8,16,-15.0,-15.888224853329998,3384
anabatic,0.8,17,-14.0,-15.721628084463227,3384
anabatic,0.8,18,-13.0,-15.524347217946836,3384
anabatic,0.8,19,-12.0,-15.287989562912129,3384
anabatic,0.8,20,-11.0,-15.000260276976878,3384
anabatic,0.8,21,-10.999222886305573,-15.0,3384
anabatic,0.8,22,-10.0,-14.743949732385987,3384
anabatic,0.8,23,-9.0,-14.426667935218092,3384
anabatic,0.8,24,-8.0,-14.021106546747568,3384
anabatic,0.8,25,-7.955542454906186,-13.999999999999998,3384
anabatic,0.8,26,-7.0,-13.64859838642989,3384
anabatic,0.8,27,-6.0,-13.156629770366301,3384
anabatic,0.8,28,-5.739961338461729,-13.0,3384
anabatic,0.8,29,-5.0,-12.64393860176126,3384
anabatic,0.8,30,-4.0471667286822335,-12.0,3384
anabatic,0.8,31,-4.0,-11.973989992264581,3384
anabatic,0.8,32,-3.0,-11.265639101847825,3384
anabatic,0.8,33,-2.7164894281898007,-11.0,3384
anabatic,0.8,34,-2.0,-10.365364900454011,3384
anabatic,0.8,35,-1.6777073043143929,-10.0,3384
anabatic,0.8,36,-1.0,-9.157974108491514,3384
anabatic,0.8,37,-0.8904356834736316,-9.0,3384
anabatic,0.8,38,-0.2542566886618871,-8.0,3384
anabatic,0.8,39,0.0,-7.41812940226054,3384
anabatic,0.8,40,0.20069661877516393,-7.0,3384
anabatic,0.8,41,0.587087728049141,-6.0,3384
anabatic,0.8,42,0.8112641878616195,-5.0,3384
anabatic,0.8,43,0.9377220263960612,-4.0,3384
anabatic,0.8,44,1.0,-3.2149328490557663,3384
anabatic,0.8,45,1.0532671898297197,-3.0,3384
anabatic,0.8,46,1.303822145453065,-2.0,3384
anabatic,0.8,47,1.4770161821308574,-1.0,3384
anabatic,0.8,48,1.6299436905931133,0.0,3384
anabatic,0.8,49,1.7586227078499888,1.0,3384
anabatic,0.8,50,1.8427340132752423,2.0,3384
anabatic,0.8,51,1.8889266281616734,3.0,3384
anabatic,0.8,52,1.887145521946734,4.0,3384
anabatic,0.8,53,1.8024990064741597,5.0,3384
anabatic,0.8,54,1.5935424512122836,6.0,3384
anabatic,0.8,55,1.209014947379412,7.0,3384
anabatic,0.8,56,1.0,7.4248709989423265,3384
anabatic,0.8,57,0.7398482091171078,8.0,3384
anabatic,0.8,58,0.10374907659649155,8.999999999999998,3384
anabatic,0.8,59,0.0,9.1498517638048,3384
anabatic,0.8,60,-0.6516381823243694,10.0,3384
anabatic,0.8,61,-1.0,10.405346805948174,3384
anabatic,0.8,62,-1.618413713512568,11.0,3384
anabatic,0.8,63,-2.0,11.372412657750491,3384
anabatic,0.8,64,-2.818184253408803,12.0,3384
anabatic,0.8,65,-3.0,12.153031202986336,3384
anabatic,0.8,66,-4.0,12.84314635712762,3384
anabatic,0.8,67,-4.29314171319934,13.0,3384
anabatic,0.8,68,-5.0,13.455998581332915,3384
anabatic,0.8,69,-6.0,13.944373447766052,3384
anabatic,0.8,70,-6.136316179520916,14.0,3384
anabatic,0.8,71,-7.0,14.4431512327304,3384
anabatic,0.8,72,-8.0,14.843551177749909,3384
anabatic,0.8,73,-8.470668712249577,15.0,3384
anabatic,0.8,74,-9.0,15.224218126313046,3384
anabatic,0.8,75,-10.0,15.579969267170092,3384
anabatic,0.8,76,-11.0,15.872328237063154,3384
anabatic,0.8,77,-11.508126391190958,16.0,3384
anabatic,0.8,78,-12.0,16.157968474342653,3384
anabatic,0.8,79,-13.0,16.434194753820755,3384
anabatic,0.8,80,-14.0,16.668039850844156,3384
anabatic,0.8,81,-15.0,16.86795783134064,3384
anabatic,0.8,82,-15.767435835688321,17.0,3384
anabatic,0.8,83,-16.0,17.050530383788224,3384
anabatic,0.8,84,-17.0,17.234917437531333,3384
anabatic,0.8,85,-18.0,17.388452293603233,3384
anabatic,0.8,86,-19.0,17.514368232564276,3384
anabatic,0.8,87,-20.0,17.61474890310611,3384
anabatic,0.8,88,-21.0,17.69077230299839,3384
anabatic,0.8,89,-22.0,17.742905435430607,3384
anabatic,0.8,90,-23.0,17.771062260517645,3384
anabatic,0.8,91,-24.0,17.774731553959647,3384
anabatic,0.8,92,-25.0,17.753077127079028,3384
anabatic,0.8,93,-26.0,17.705010901751184,3384
anabatic,0.8,94,-27.0,17.629239275613624,3384
anabatic,0.8,95,-28.0,17.524284430159966,3384
anabatic,0.8,96,-29.0,17.388483940433932,3384
anabatic,0.8,97,-30.0,17.21997350387379,3384
anabatic,0.8,98,-31.0,17.016658327745752,3384
anabatic,0.8,99,-31.07359367263137,17.0,3384
anabatic,0.8,100,-32.0,16.794018596066564,3384
anabatic,0.8,101,-33.0,16.532960790905985,3384
anabatic,0.8,102,-34.0,16.228580956067624,3384
anabatic,0.8,103,-34.6670038618732,16.0,3384
anabatic,0.8,104,-35.0,15.883127501552696,3384
anabatic,0.8,105,-36.0,15.496840698384851,3384
anabatic,0.8,106,-37.0,15.051541341125327,3384
anabatic,0.8,107,-37.10884033995275,14.999999999999998,3384
anabatic,0.8,108,-38.0,14.54955682636614,3384
anabatic,0.8,109,-38.95640518363122,14.0,3384
anabatic,0.8,110,-39.0,13.972547761138483,3384
anabatic,0.8,111,-40.0,13.30671016776064,3384
anabatic,0.8,112,-40.42346103726257,13.0,3384
anabatic,0.8,113,-41.0,12.529246000168095,3384
anabatic,0.8,114,-41.60949966063302,12.0,3384
anabatic,0.8,115,-42.0,11.610114618583815,3384
anabatic,0.8,116,-42.58827543752428,11.0,3384
anabatic,0.8,117,-43.0,10.5012590701451,3384
anabatic,0.8,118,-43.40651464914474,10.0,3384
anabatic,0.8,119,-44.0,9.13551051406028,3384
anabatic,0.8,120,-44.092967945135385,9.0,3384
anabatic,0.8,121,-44.68819333098964,8.0,3384
anabatic,0.8,122,-45.0,7.377057898182148,3384
anabatic,0.8,123,-45.193273629229274,7.0,3384
anabatic,0.8,124,-45.633550886975605,6.0,3384
anabatic,0.8,125,-46.0,5.0,3384
anabatic,0.8,126,-46.0,5.0,3384
anabatic,0.8,127,-46.325955379513665,4.0,3384
anabatic,0.8,128,-46.58754676822962,3.0,3384
anabatic,0.8,129,-46.785905128238966,2.0,3384
anabatic,0.8,130,-46.91940828985395,1.0,3384
anabatic,0.8,131,-46.98428912437806,0.0,3384
anabatic,0.8,132,-46.975037808218076,-1.0,3384
anabatic,0.8,133,-46.88458692853287,-2.0,3384
anabatic,0.8,134,-46.70431381266188,-3.0,3384
anabatic,0.8,135,-46.42392086042803,-4.0,3384
anabatic,0.8,136,-46.03125411389034,-5.0,3384
anabatic,0.8,137,-46.0,-5.062870696989278,3384
anabatic,0.8,138,-45.546143911948455,-6.0,3384
anabatic,0.8,139,-45.0,-6.889192341521081,3384
anabatic,0.8,140,-44.93295401802025,-7.0,3384
anabatic,0.8,141,-44.21168598289302,-8.0,3384
anabatic,0.8,142,-44.0,-8.251408306689875,3384
anabatic,0.8,143,-43.36495992648269,-9.0,3384
anabatic,0.8,144,-43.0,-9.37669512420253,3384
anabatic,0.8,145,-42.38352904734581,-10.0,3384
anabatic,0.8,146,-42.0,-10.347379811754745,3384
anabatic,0.8,147,-41.25334184678955,-11.0,3384
anabatic,0.8,148,-41.0,-11.201900594669908,3384
anabatic,0.8,149,-40.0,-11.960766671111445,3384
anabatic,0.8,150,-39.94634298305166,-12.0,3384
anabatic,0.8,151,-39.0,-12.639506774828964,3384
anabatic,0.8,152,-38.419531259239044,-13.0,3384
anabatic,0.8,153,-38.0,-13.243267110287514,3384
anabatic,0.8,154,-37.0,-13.779195195944594,3384
anabatic,0.8,155,-36.54844810965102,-14.0,3384
anabatic,0.8,156,-36.0,-14.2535627046228,3384
anabatic,0.8,157,-35.0,-14.67067836156525,3384
anabatic,0.8,158,-34.0870046929365,-15.0,3384
anabatic,0.8,159,-34.0,-15.030252966570542,3384
anabatic,0.8,160,-33.0,-15.35144734403796,3384
anabatic,0.8,161,-32.0,-15.623961444933983,3384
anabatic,0.8,162,-31.0,-15.852163375862252,3384
anabatic,0.8,163,-30.226932875100616,-16.0,3384
anabatic,0.8,164,-30.0,-16.043805152557614,3384
anabatic,0.9,0,-65.0,-31.16912326054544,3384
anabatic,0.9,1,-64.0,-31.3234454834111,3384
anabatic,0.9,2,-63.0,-31.454261061357826,3384
anabatic,0.9,3,-62.0,-31.563044904487104,3384
anabatic,0.9,4,-61.0,-31.65118928515996,3384
anabatic,0.9,5,-60.0,-31.720000237926463,3384
anabatic,0.9,6,-59.0,-31.770694304644877,3384
anabatic,0.9,7,-58.0,-31.804395657884967,3384
anabatic,0.9,8,-57.0,-31.822133628514358,3384
anabatic,0.9,9,-56.0,-31.824840641728127,3384
anabatic,0.9,10,-55.0,-31.813350533383566,3384
anabatic,0.9,11,-54.0,-31.788397179974993,3384
anabatic,0.9,12,-53.0,-31.750613335873535,3384
anabatic,0.9,13,-52.0,-31.7005295352092,3384
anabatic,0.9,14,-51.0,-31.638572886798233,3384
anabatic,0.9,15,-50.0,-31.565065571368656,3384
anabatic,0.9,16,-49.0,-31.480222842020137,3384
anabatic,0.9,17,-48.0,-31.3841503307104,3384
anabatic,0.9,18,-47.0,-31.276840473303775,3384
anabatic,0.9,19,-46.0,-31.158167879661782,3384
anabatic,0.9,20,-45.0,-31.027883488699203,3384
anabatic,0.9,21,-44.80521727659609,-31.0,3384
anabatic,0.9,22,-44.0,-30.897557883596807,3384
anabatic,0.9,23,-43.0,-30.76022683322981,3384
anabatic,0.9,24,-42.0,-30.61270454957981,3384
anabatic,0.9,25,-41.0,-30.454449737681756,3384
anabatic,0.9,26,-40.0,-30.284773916570668,3384
anabatic,0.9,27,-39.0,-30.102828200056884,3384
anabatic,0.9,28,-38.47207262568467,-30.0,3384
anabatic,0.9,29,-38.0,-29.919498124954615,3384
anabatic,0.9,30,-37.0,-29.738273700092005,3384
anabatic,0.9,31,-36.0,-29.545369619819105,3384
anabatic,0.9,32,-35.0,-29.339545424686406,3384
anabatic,0.9,33,-34.0,-29.119340396857446,3384
anabatic,0.9,34,-33.49076180001363,-29.0,3384
anabatic,0.9,35,-33.0,-28.90056109418352,3384
anabatic,0.9,36,-32.0,-28.686116243095746,3384
anabatic,0.9,37,-31.0,-28.45697980608881,3384
anabatic,0.9,38,-29.999999999999996,-28.211101817958024,3384
anabatic,0.9,39,-29.199157456611914,-28.0,3384
anabatic,0.9,40,-29.0,-27.95506421663739,3384
anabatic,0.9,41,-28.0,-27.717550663228167,3384
anabatic,0.9,42,-27.0,-27.46196304501818,3384
anabatic,0.9,43,-25.999999999999996,-27.185353126211165,3384
anabatic,0.9,44,-25.375452653893344,-27.0,3384
anabatic,0.9,45,-25.0,-26.905517864662148,3384
anabatic,0.9,46,-24.0,-26.63845753340891,3384
anabatic,0.9,47,-23.0,-26.34722832104303,3384
anabatic,0.9,48,-22.000000000000004,-26.027298583721613,3384
anabatic,0.9,49,-21.91909184471144,-25.999999999999996,3384
anabatic,0.9,50,-21.0,-25.739086491418423,3384
anabatic,0.9,51,-20.0,-25.426915848244207,3384
anabatic,0.9,52,-19.0,-25.07916641939279,3384
anabatic,0.9,53,-18.786914168574516,-24.999999999999996,3384
anabatic,0.9,54,-18.0,-24.75529360156333,3384
anabatic,0.9,55,-17.0,-24.40999328829105,3384
anabatic,0.9,56,-16.0,-24.01720234042723,3384
anabatic,0.9,57,-15.958878168094556,-24.0,3384
anabatic,0.9,58,-15.0,-23.66495654843843,3384
anabatic,0.9,59,-13.999999999999998,-23.2625606401176,3384
anabatic,0.9,60,-13.42016405768669,-23.0,3384
anabatic,0.9,61,-13.0,-22.841276263312878,3384
anabatic,0.9,62,-12.0,-22.418367705376152,3384
anabatic,0.9,63,-11.158837522840939,-22.0,3384
anabatic,0.9,64,-11.0,-21.93392699863906,3384
anabatic,0.9,65,-10.0,-21.474914162782532,3384
anabatic,0.9,66,-9.143095695512724,-21.0,3384
anabatic,0.9,67,-9.0,-20.933130010156948,3384
anabatic,0.9,68,-8.0,-20.41103843449967,3384
anabatic,0.9,69,-7.3482436798629145,-20.0,3384
anabatic,0.9,70,-7.0,-19.81166366645203,3384
anabatic,0.9,71,-6.0,-19.169959393893397,3384
anabatic,0.9,72,-5.769655283450411,-19.0,3384
anabatic,0.9,73,-5.0,-18.49627964167347,3384
anabatic,0.9,74,-4.3784812935303,-18.0,3384
anabatic,0.9,75,-4.0,-17.72623714564761,3384
anabatic,0.9,76,-3.169461796411251,-17.0,3384
anabatic,0.9,77,-3.0,-16.86142589310777,3384
anabatic,0.9,78,-2.115449158210952,-16.0,3384
anabatic,0.9,79,-2.0,-15.889600259413777,3384
anabatic,0.9,80,-1.2002550318889997,-15.0,3384
anabatic,0.9,81,-1.0,-14.76366938471064,3384
anabatic,0.9,82,-0.41990179788821325,-14.0,3384
anabatic,0.9,83,0.0,-13.332672300451534,3384
anabatic,0.9,84,0.20245018875647472,-13.0,3384
anabatic,0.9,85,0.7269455883817618,-12.0,3384
anabatic,0.9,86,1.0,-11.237767682396163,3384
anabatic,0.9,87,1.096938785960845,-11.0,3384
anabatic,0.9,88,1.4467001950929048,-10.0,3384
anabatic,0.9,89,1.666134190583508,-9.0,3384
anabatic,0.9,90,1.7957407330762185,-8.0,3384
anabatic,0.9,91,1.866468312875045,-7.0,3384
anabatic,0.9,92,1.9023180762795242,-6.0,3384
anabatic,0.9,93,1.9191144706951535,-5.0,3384
anabatic,0.9,94,1.9269192779714297,-4.0,3384
anabatic,0.9,95,1.9336096548655664,-3.0,3384
anabatic,0.9,96,1.9398868795176298,-2.0,3384
anabatic,0.9,97,1.9545117726411938,-1.0,3384
anabatic,0.9,98,1.996284648216406,0.0,3384
anabatic,0.9,99,2.0,0.04942912439104297,3384
anabatic,0.9,100,2.5760875370346836,1.0,3384
anabatic,0.9,101,2.8056357746311047,2.0,3384
anabatic,0.9,102,2.9211153038271718,3.0,3384
anabatic,0.9,103,3.0,3.9619788217932363,3384
anabatic,0.9,104,3.0156356255508743,4.0,3384
anabatic,0.9,105,3.2632988068691726,5.0,3384
anabatic,0.9,106,3.3528258174806753,6.0,3384
anabatic,0.9,107,3.34322437170517,7.0,3384
anabatic,0.9,108,3.2481060776984054,8.0,3384
anabatic,0.9,109,3.063623630012341,9.0,3384
anabatic,0.9,110,3.0,9.259602643246238,3384
anabatic,0.9,111,2.8692507147763,10.0,3384
anabatic,0.9,112,2.600578657027018,11.0,3384
anabatic,0.9,113,2.196876230801751,12.0,3384
anabatic,0.9,114,2.0,12.410907317321971,3384
anabatic,0.9,115,1.7325112768954911,13.0,3384
anabatic,0.9,116,1.146519121737943,14.0,3384
anabatic,0.9,117,1.0,14.228269966014148,3384
anabatic,0.9,118,0.48505441552814477,15.0,3384
anabatic,0.9,119,0.0,15.632775520196777,3384
anabatic,0.9,120,-0.30769809259886094,16.0,3384
anabatic,0.9,121,-1.0,16.78419181466569,3384
anabatic,0.9,122,-1.2168753115063309,17.0,3384
anabatic,0.9,123,-2.0,17.78424265384748,3384
anabatic,0.9,124,-2.251021682807965,18.0,3384
anabatic,0.9,125,-3.0,18.674913215974797,3384
anabatic,0.9,126,-3.424962577158892,19.0,3384
anabatic,0.9,127,-4.0,19.47432351299026,3384
anabatic,0.9,128,-4.754426530140274,20.0,3384
anabatic,0.9,129,-5.0,20.188065790289727,3384
anabatic,0.9,130,-6.0,20.86131250310037,3384
anabatic,0.9,131,-6.236079043261543,21.0,3384
anabatic,0.9,132,-7.0,21.50862127324575,3384
anabatic,0.9,133,-7.881501616555715,22.0,3384
anabatic,0.9,134,-8.0,22.075240830767363,3384
anabatic,0.9,135,-9.0,22.65807497257818,3384
anabatic,0.9,136,-9.689278566090708,23.0,3384
anabatic,0.9,137,-10.0,23.177784100170804,3384
anabatic,0.9,138,-11.0,23.69675853684264,3384
anabatic,0.9,139,-11.669087319282545,24.0,3384
anabatic,0.9,140,-12.0,24.173972937657638,3384
anabatic,0.9,141,-13.0,24.655453743555135,3384
anabatic,0.9,142,-13.816257670625372,25.0,3384
anabatic,0.9,143,-14.0,25.090136164824244,3384
anabatic,0.9,144,-15.0,25.549237781479235,3384
anabatic,0.9,145,-16.0,25.951801988876703,3384
anabatic,0.9,146,-16.12699013046952,26.0,3384
anabatic,0.9,147,-17.0,26.385847063648924,3384
anabatic,0.9,148,-18.0,26.782065749526048,3384
anabatic,0.9,149,-18.598981397076482,27.0,3384
anabatic,0.9,150,-19.0,27.169385397786826,3384
anabatic,0.9,151,-20.0,27.563465182421364,3384
anabatic,0.9,152,-21.0,27.91925062679151,3384
anabatic,0.9,153,-21.24020282593557,28.0,3384
anabatic,0.9,154,-22.0,28.29568422032864,3384
anabatic,0.9,155,-23.0,28.65366142751227,3384
anabatic,0.9,156,-24.0,28.98080732190728,3384
anabatic,0.9,157,-24.061517899704892,29.0,3384
anabatic,0.9,158,-25.0,29.337514343799057,3384
anabatic,0.9,159,-26.0,29.667851599301542,3384
anabatic,0.9,160,-27.0,29.972265825974233,3384
anabatic,0.9,161,-27.0958856091858,30.0,3384
anabatic,0.9,162,-28.0,30.299921797719463,3384
anabatic,0.9,163,-29.0,30.606533627453494,3384
anabatic,0.9,164,-30.0,30.89042238119074,3384
anabatic,0.9,165,-30.410657853760487,31.0,3384
anabatic,0.9,166,-31.0,31.179351814662052,3384
anabatic,0.9,167,-32.0,31.463068073292916,3384
anabatic,0.9,168,-33.0,31.72598269708383,3384
anabatic,0.9,169,-34.0,31.970414166522936,3384
anabatic,0.9,170,-34.12938676127319,32.0,3384
anabatic,0.9,171,-35.0,32.22547138542216,3384
anabatic,0.9,172,-36.0,32.46487433622544,3384
anabatic,0.9,173,-37.0,32.686153013180125,3384
anabatic,0.9,174,-38.0,32.89074265398733,3384
anabatic,0.9,175,-38.57975852420883,33.0,3384
anabatic,0.9,176,-39.00000000000001,33.08904017320831,3384
anabatic,0.9,177,-40.0,33.282178800692684,3384
anabatic,0.9,178,-41.0,33.45785271458702,3384
anabatic,0.9,179,-42.0,33.61684139450247,3384
anabatic,0.9,180,-43.0,33.75969228024769,3384
anabatic,0.9,181,-44.0,33.88675424288806,3384
anabatic,0.9,182,-45.0,33.99821277548914,3384
anabatic,0.9,183,-45.01905345586842,34.0,3384
anabatic,0.9,184,-46.0,34.10230723875467,3384
anabatic,0.9,185,-47.0,34.1890635036768,3384
anabatic,0.9,186,-48.00000000000001,34.2584681351472,3384
anabatic,0.9,187,-49.0,34.31060080723226,3384
anabatic,0.9,188,-50.0,34.34550199243484,3384
anabatic,0.9,189,-51.0,34.363198024574366,3384
anabatic,0.9,190,-52.0,34.36372048192683,3384
anabatic,0.9,191,-53.0,34.34711905787529,3384
anabatic,0.9,192,-54.00000000000001,34.31346763544836,3384
anabatic,0.9,193,-54.99999999999999,34.262863879869876,3384
anabatic,0.9,194,-56.0,34.19542320912959,3384
anabatic,0.9,195,-57.0,34.11126841128771,3384
anabatic,0.9,196,-57.99999999999999,34.01051639680196,3384
anabatic,0.9,197,-58.09213191856835,34.0,3384
anabatic,0.9,198,-59.0,33.89972400844217,3384
anabatic,0.9,199,-60.0,33.77387019209044,3384
anabatic,0.9,200,-61.0,33.632243137402426,3384
anabatic,0.9,201,-62.0,33.474710668292104,3384
anabatic,0.9,202,-63.0,33.30106532484438,3384
anabatic,0.9,203,-64.0,33.111018908046574,3384
anabatic,0.9,204,-64.54464874227477,33.0,3384
anabatic,0.9,205,-65.0,32.90908947229494,3384
anabatic,0.9,206,-66.0,32.695926568774624,3384
anabatic,0.9,207,-67.0,32.46503329560114,3384
anabatic,0.9,208,-68.0,32.21567745360553,3384
anabatic,0.9,209,-68.80830864654628,32.0,3384
anabatic,0.9,210,-69.0,31.9491735210197,3384
anabatic,0.9,211,-70.0,31.671269773397967,3384
anabatic,0.9,212,-71.0,31.371747968870082,3384
anabatic,0.9,213,-72.0,31.04943140178109,3384
anabatic,0.9,214,-72.14748420645775,31.0,3384
anabatic,0.9,215,-73.0,30.711073157272125,3384
anabatic,0.9,216,-74.0,30.347826962806014,3384
anabatic,0.9,217,-74.8932853677377,30.0,3384
anabatic,0.9,218,-75.0,29.95741979717102,3384
anabatic,0.9,219,-76.0,29.542781425896873,3384
anabatic,0.9,220,-77.0,29.095301531549325,3384
anabatic,0.9,221,-77.20478247416438,29.0,3384
anabatic,0.9,222,-78.0,28.614466565438313,3384
anabatic,0.9,223,-79.0,28.095089094331783,3384
anabatic,0.9,224,-79.17631658484729,28.0,3384
anabatic,0.9,225,-80.0,27.530758883995404,3384
anabatic,0.9,226,-80.87304586513133,27.0,3384
anabatic,0.9,227,-81.0,26.917545097099925,3384
anabatic,0.9,228,-82.0,26.243217979050254,3384
anabatic,0.9,229,-82.34424053027392,26.000000000000004,3384
anabatic,0.9,230,-83.0,25.498501736835518,3384
anabatic,0.9,231,-83.62355525324455,25.0,3384
anabatic,0.9,232,-84.0,24.670969953984773,3384
anabatic,0.9,233,-84.74071212558036,24.0,3384
anabatic,0.9,234,-85.0,23.740963059817236,3384
anabatic,0.9,235,-85.72160568894846,23.0,3384
anabatic,0.9,236,-86.0,22.68258285025344,3384
anabatic,0.9,237,-86.58706259827606,22.0,3384
anabatic,0.9,238,-87.0,21.464619651328512,3384
anabatic,0.9,239,-87.35400123356366,21.0,3384
anabatic,0.9,240,-87.99999999999999,20.05352304284558,3384
anabatic,0.9,241,-88.0363296451929,20.0,3384
anabatic,0.9,242,-88.65807904101285,19.0,3384
anabatic,0.9,243,-89.0,18.391225794443304,3384
anabatic,0.9,244,-89.22079677846088,18.0,3384
anabatic,0.9,245,-89.74115585615287,17.0,3384
anabatic,0.9,246,-90.0,16.463342762023043,3384
anabatic,0.9,247,-90.2263505870216,16.0,3384
anabatic,0.9,248,-90.6862677934448,15.0,3384
anabatic,0.9,249,-91.00000000000001,14.278271360692006,3384
anabatic,0.9,250,-91.12319341480116,14.000000000000002,3384
anabatic,0.9,251,-91.5500379818041,13.0,3384
anabatic,0.9,252,-91.95861532988506,12.0,3384
anabatic,0.9,253,-92.0,11.896288887696283,3384
anabatic,0.9,254,-92.3659511597995,11.0,3384
anabatic,0.9,255,-92.76031012499301,10.0,3384
anabatic,0.9,256,-93.0,9.37245005344535,3384
anabatic,0.9,257,-93.14579784235231,9.0,3384
anabatic,0.9,258,-93.52496362965813,8.0,3384
anabatic,0.9,259,-93.88614063423441,7.0,3384
anabatic,0.9,260,-94.0,6.668767766343161,3384
anabatic,0.9,261,-94.23610418306026,6.0,3384
anabatic,0.9,262,-94.56641772974245,5.0,3384
anabatic,0.9,263,-94.86915591663744,4.0,3384
anabatic,0.9,264,-95.0,3.5211924838645325,3384
anabatic,0.9,265,-95.14673425708789,3.0,3384
anabatic,0.9,266,-95.39403719920594,2.0,3384
anabatic,0.9,267,-95.60232043009847,1.0,3384
anabatic,0.9,268,-95.7682646197386,0.0,3384
anabatic,0.9,269,-95.88862264656873,-1.0,3384
anabatic,0.9,270,-95.96018327849056,-2.0,3384
anabatic,0.9,271,-95.97972246074586,-3.0,3384
anabatic,0.9,272,-95.94394874964627,-4.0,3384
anabatic,0.9,273,-95.84944866273155,-5.0,3384
anabatic,0.9,274,-95.69263749248518,-6.0,3384
anabatic,0.9,275,-95.46972131709992,-7.0,3384
anabatic,0.9,276,-95.17667627967364,-8.0,3384
anabatic,0.9,277,-95.0,-8.485676625133742,3384
anabatic,0.9,278,-94.81634995461926,-9.0,3384
anabatic,0.9,279,-94.38642113852232,-10.0,3384
anabatic,0.9,280,-94.0,-10.761260755748872,3384
anabatic,0.9,281,-93.88023609160368,-11.0,3384
anabatic,0.9,282,-93.30555166268918,-12.0,3384
anabatic,0.9,283,-93.0,-12.469300698878072,3384
anabatic,0.9,284,-92.65631913209535,-13.0,3384
anabatic,0.9,285,-92.0,-13.905506624924003,3384
anabatic,0.9,286,-91.93166502231156,-14.0,3384
anabatic,0.9,287,-91.14026576720075,-15.0,3384
anabatic,0.9,288,-91.0,-15.163632643776772,3384
anabatic,0.9,289,-90.28095399170215,-16.0,3384
anabatic,0.9,290,-90.0,-16.30468451005899,3384
anabatic,0.9,291,-89.35542928966703,-17.0,3384
anabatic,0.9,292,-89.0,-17.361676043372512,3384
anabatic,0.9,293,-88.3680203245867,-18.0,3384
anabatic,0.9,294,-88.0,-18.354296677009856,3384
anabatic,0.9,295,-87.32295601421127,-19.0,3384
anabatic,0.9,296,-87.0,-19.296215489850887,3384
anabatic,0.9,297,-86.22396786833117,-20.0,3384
anabatic,0.9,298,-86.0,-20.196795034821633,3384
anabatic,0.9,299,-85.07364786926041,-21.0,3384
anabatic,0.9,300,-85.0,-21.06222210046736,3384
anabatic,0.9,301,-84.0,-21.898199164218706,3384
anabatic,0.9,302,-83.87656806397588,-22.0,3384
anabatic,0.9,303,-83.0,-22.706933832941523,3384
anabatic,0.9,304,-82.62933665075495,-23.0,3384
anabatic,0.9,305,-82.0,-23.48707625807355,3384
anabatic,0.9,306,-81.32093895397945,-24.0,3384
anabatic,0.9,307,-81.0,-24.2369799958021,3384
anabatic,0.9,308,-80.0,-24.955150921547197,3384
anabatic,0.9,309,-79.9363628512671,-25.0,3384
anabatic,0.9,310,-79.0,-25.64182779859019,3384
anabatic,0.9,311,-78.45507718304133,-26.0,3384
anabatic,0.9,312,-78.0,-26.28937934390416,3384
anabatic,0.9,313,-77.0,-26.896919416308837,3384
anabatic,0.9,314,-76.82407964014334,-27.0,3384
anabatic,0.9,315,-76.0,-27.463920108923745,3384
anabatic,0.9,316,-75.0,-27.987223040956135,3384
anabatic,0.9,317,-74.97464105756205,-28.0,3384
anabatic,0.9,318,-74.0,-28.46966565142909,3384
anabatic,0.9,319,-73.0,-28.90977476792712,3384
anabatic,0.9,320,-72.78284075995356,-29.0,3384
anabatic,0.9,321,-72.0,-29.310952486045984,3384
anabatic,0.9,322,-71.0,-29.673900115574575,3384
anabatic,0.9,323,-70.0,-30.0,3384
anabatic,0.9,324,-70.0,-30.0,3384
anabatic,0.9,325,-69.0,-30.29438445719621,3384
anabatic,0.9,326,-68.0,-30.55627367652169,3384
anabatic,0.9,327,-67.0,-30.78752412475381,3384
anabatic,0.9,328,-66.0,-30.989947251662997,3384
anabatic,0.9,329,-65.94516360996643,-31.0,3384
anabatic,0.9,330,-65.0,-31.16912326054544,3384
crosswind,0.1,0,-1.0,-5.276364393705753,805
crosswind,0.1,1,0.0,-5.1322134356470395,805
crosswind,0.1,2,0.2171890441476588,-5.0,805
crosswind,0.1,3,1.0,-4.187124527259647,805
crosswind,0.1,4,1.0910794873012233,-4.0,805
crosswind,0.1,5,1.0,-3.0,805
crosswind,0.1,6,1.0,-3.0,805
crosswind,0.1,7,0.14620869584922278,-2.0,805
crosswind,0.1,8,0.0,-1.909045400440487,805
crosswind,0.1,9,-1.0,-1.5259063009197176,805
crosswind,0.1,10,-2.0,-1.616678309056186,805
crosswind,0.1,11,-2.6745275460273996,-2.0,805
crosswind,0.1,12,-3.0,-2.59826209547406,805
crosswind,0.1,13,-3.1849208002683635,-3.0,805
crosswind,0.1,14,-3.0180661598690337,-4.0,805
crosswind,0.1,15,-3.0,-4.030426062611623,805
crosswind,0.1,16,-2.0,-4.995917324873059,805
crosswind,0.1,17,-1.9870201748319944,-5.0,805
crosswind,0.1,18,-1.0,-5.276364393705753,805
crosswind,0.2,0,-1.0,-7.081241031224257,805
crosswind,0.2,1,0.0,-7.0,805
crosswind,0.2,2,0.0,-7.0,805
crosswind,0.2,3,1.0,-6.6444774310468695,805
crosswind,0.2,4,1.7737549563437556,-6.0,805
crosswind,0.2,5,2.0,-5.730746031932539,805
crosswind,0.2,6,2.4034492406693713,-5.0,805
crosswind,0.2,7,2.5598985480710654,-4.0,805
crosswind,0.2,8,2.268861803277307,-3.0,805
crosswind,0.2,9,2.0,-2.700539934768155,805
crosswind,0.2,10,1.4058856878594594,-2.0,805
crosswind,0.2,11,1.0,-1.7324271670517102,805
crosswind,0.2,12,0.0,-1.152587278298519,805
crosswind,0.2,13,-0.3988947579140988,-1.0,805
crosswind,0.2,14,-1.0,-0.7951223633678028,805
crosswind,0.2,15,-2.0,-0.7877190189681962,805
crosswind,0.2,16,-2.7832296433086565,-1.0,805
crosswind,0.2,17,-3.0,-1.090644654553616,805
crosswind,0.2,18,-4.0,-1.8954898670778926,805
crosswind,0.2,19,-4.100265561622502,-2.0,805
crosswind,0.2,20,-4.542810129084929,-3.0,805
crosswind,0.2,21,-4.597981148112821,-4.0,805
crosswind,0.2,22,-4.319501272551574,-5.0,805
crosswind,0.2,23,-4.0,-5.517504143589424,805
crosswind,0.2,24,-3.566216254171917,-6.0,805
crosswind,0.2,25,-3.0,-6.461567080658826,805
crosswind,0.2,26,-2.0,-6.903382205072901,805
crosswind,0.2,27,-1.4200917374713846,-7.0,805
crosswind,0.2,28,-1.0,-7.081241031224257,805
crosswind,0.30000000000000004,0,-1.0,-9.00643865643074,805
crosswind,0.30000000000000004,1,-0.897374614387266,-9.0,805
crosswind,0.30000000000000004,2,0.0,-8.955315355116223,805
crosswind,0.30000000000000004,3,1.0,-8.700651136567766,805
crosswind,0.30000000000000004,4,2.0,-8.12946979288234,805
crosswind,0.30000000000000004,5,2.1447916292500198,-8.0,805
crosswind,0.30000000000000004,6,3.0000000000000004,-7.098461238681645,805
crosswind,0.30000000000000004,7,3.0669732329364345,-7.0,805
crosswind,0.30000000000000004,8,3.585878442917382,-6.0,805
crosswind,0.30000000000000004,9,3.811367436839747,-5.0,805
crosswind,0.30000000000000004,10,3.7674551042800206,-4.0,805
crosswind,0.30000000000000004,11,3.391130753144593,-3.0,805
crosswind,0.30000000000000004,12,3.0,-2.566019367189054,805
crosswind,0.30000000000000004,13,2.5086631616144768,-2.0,805
crosswind,0.30000000000000004,14,2.0,-1.6625760680977166,805
crosswind,0.30000000000000004,15,1.0,-1.095474744925902,805
crosswind,0.30000000000000004,16,0.82679701781563,-1.0,805
crosswind,0.30000000000000004,17,0.0,-0.5919153592345446,805
crosswind,0.30000000000000004,18,-1.0,-0.3171983418079861,805
crosswind,0.30000000000000004,19,-2.0,-0.25522463774358484,805
crosswind,0.30000000000000004,20,-3.0,-0.3590602899155779,805
crosswind,0.30000000000000004,21,-4.0,-0.6997608714329533,805
crosswind,0.30000000000000004,22,-4.503753177914605,-1.0,805
crosswind,0.30000000000000004,23,-5.0,-1.5290450417114567,805
crosswind,0.30000000000000004,24,-5.3913113850619245,-2.0,805
crosswind,0.30000000000000004,25,-5.800029696889979,-3.0,805
crosswind,0.30000000000000004,26,-5.955909423992287,-4.0,805
crosswind,0.30000000000000004,27,-5.924339170680137,-5.0,805
crosswind,0.30000000000000004,28,-5.663973913898743,-6.0,805
crosswind,0.30000000000000004,29,-5.077206144462264,-7.0,805
crosswind,0.30000000000000004,30,-5.0,-7.097147408794716,805
crosswind,0.30000000000000004,31,-4.0,-8.0,805
crosswind,0.30000000000000004,32,-4.0,-8.0,805
crosswind,0.30000000000000004,33,-3.0,-8.572865877967184,805
crosswind,0.30000000000000004,34,-2.0,-8.883736229027175,805
crosswind,0.30000000000000004,35,-1.04341151185207,-8.999999999999998,805
crosswind,0.30000000000000004,36,-1.0,-9.00643865643074,805
crosswind,0.4,0,-2.0,-11.128230903311621,805
crosswind,0.4,1,-1.0,-11.248967933069814,805
crosswind,0.4,2,0.0,-11.202572010671245,805
crosswind,0.4,3,0.8484681640737136,-11.0,805
crosswind,0.4,4,1.0,-10.969262911809018,805
crosswind,0.4,5,2.0,-10.560856905322057,805
crosswind,0.4,6,2.77584373180784,-10.0,805
crosswind,0.4,7,3.0,-9.833898987992466,805
crosswind,0.4,8,3.756275312152084,-9.0,805
crosswind,0.4,9,4.0,-8.668568951960056,805
crosswind,0.4,10,4.395214506047349,-8.0,805
crosswind,0.4,11,4.80359664936571,-7.0,805
crosswind,0.4,12,5.0,-6.08722921608633,805
crosswind,0.4,13,5.019546429168024,-6.0,805
crosswind,0.4,14,5.065470971803458,-5.0,805
crosswind,0.4,15,5.0,-4.6928979535401725,805
crosswind,0.4,16,4.897182947250778,-4.0,805
crosswind,0.4,17,4.47797660837878,-3.0,805
crosswind,0.4,18,4.0,-2.464423380449463,805
crosswind,0.4,19,3.599621717152764,-2.0,805
crosswind,0.4,20,3.0,-1.5890644626857409,805
crosswind,0.4,21,2.0,-1.0623449949459896,805
crosswind,0.4,22,1.882642855829142,-1.0,805
crosswind,0.4,23,1.0,-0.5653114565902382,805
crosswind,0.4,24,0.0,-0.20121266219453404,805
crosswind,0.4,25,-0.9429426232228573,0.0,805
crosswind,0.4,26,-1.0,0.021051446002594485,805
crosswind,0.4,27,-2.0,0.19178265630680494,805
crosswind,0.4,28,-3.0000000000000004,0.19895309369488404,805
crosswind,0.4,29,-4.0,0.05274702190570867,805
crosswind,0.4,30,-4.1742724066205765,0.0,805
crosswind,0.4,31,-5.0,-0.3055357559793399,805
crosswind,0.4,32,-5.935590937366457,-1.0,805
crosswind,0.4,33,-6.0,-1.0846417593711504,805
crosswind,0.4,34,-6.694520098529386,-2.0,805
crosswind,0.4,35,-7.0,-2.7903127127541714,805
crosswind,0.4,36,-7.100608816201936,-3.0,805
crosswind,0.4,37,-7.377179988303002,-4.0,805
crosswind,0.4,38,-7.480222874342521,-5.0,805
crosswind,0.4,39,-7.4247477544043985,-6.0,805
crosswind,0.4,40,-7.187330624815175,-7.0,805
crosswind,0.4,41,-7.0,-7.447562878092316,805
crosswind,0.4,42,-6.744622423813591,-8.0,805
crosswind,0.4,43,-6.0,-9.0,805
crosswind,0.4,44,-6.0,-9.0,805
crosswind,0.4,45,-5.0,-9.86991134553663,805
crosswind,0.4,46,-4.784690109179273,-10.0,805
crosswind,0.4,47,-4.0,-10.473646420857893,805
crosswind,0.4,48,-3.0,-10.871150166721684,805
crosswind,0.4,49,-2.4615696100908195,-11.0,805
crosswind,0.4,50,-2.0,-11.128230903311621,805
crosswind,0.5,0,-2.0,-14.097014732510452,805
crosswind,0.5,1,-1.0,-14.207600493326497,805
crosswind,0.5,2,0.0,-14.182218188163255,805
crosswind,0.5,3,1.0,-14.0,805
crosswind,0.5,4,1.0,-14.0,805
crosswind,0.5,5,2.0,-13.685065421798132,805
crosswind,0.5,6,3.0,-13.127410200817444,805
crosswind,0.5,7,3.160545190142471,-13.0,805
crosswind,0.5,8,4.0,-12.3163925108272,805
crosswind,0.5,9,4.283035823548459,-12.0,805
crosswind,0.5,10,5.0,-11.08192449582863,805
crosswind,0.5,11,5.052469813135896,-11.0,805
crosswind,0.5,12,5.622337914620916,-10.0,805
crosswind,0.5,13,6.0,-9.05658822808156,805
crosswind,0.5,14,6.021889103702147,-9.0,805
crosswind,0.5,15,6.336182168754674,-8.0,805
crosswind,0.5,16,6.518752074579268,-7.0,805
crosswind,0.5,17,6.567536697673168,-6.0,805
crosswind,0.5,18,6.4700871328988665,-5.0,805
crosswind,0.5,19,6.179936208013398,-4.0,805
crosswind,0.5,20,6.0,-3.678164284250178,805
crosswind,0.5,21,5.702219726165407,-3.0,805
crosswind,0.5,22,5.0,-2.2043786143636392,805
crosswind,0.5,23,4.827361127784821,-2.0,805
crosswind,0.5,24,4.0,-1.4066635892234955,805
crosswind,0.5,25,3.199118909124846,-1.0,805
crosswind,0.5,26,3.0,-0.9083068303683364,805
crosswind,0.5,27,2.0,-0.47782780284302717,805
crosswind,0.5,28,1.0,-0.16079793738743653,805
crosswind,0.5,29,0.42313177618439773,0.0,805
crosswind,0.5,30,0.0,0.19438721677429005,805
crosswind,0.5,31,-1.0,0.5121401500299481,805
crosswind,0.5,32,-2.0,0.6559857100530642,805
crosswind,0.5,33,-3.0,0.7297884480931618,805
crosswind,0.5,34,-4.0,0.7399616777940895,805
crosswind,0.5,35,-5.0,0.6142575115658506,805
crosswind,0.5,36,-6.0,0.25272854659262656,805
crosswind,0.5,37,-6.449667797502503,0.0,805
crosswind,0.5,38,-7.0,-0.43675510673887985,805
crosswind,0.5,39,-7.587454115722687,-1.0,805
crosswind,0.5,40,-8.0,-1.645078114322451,805
crosswind,0.5,41,-8.250428374534456,-2.0,805
crosswind,0.5,42,-8.715739924655107,-3.0,805
crosswind,0.5,43,-9.0,-3.998009303302964,805
crosswind,0.5,44,-9.000742005439886,-4.0,805
crosswind,0.5,45,-9.242124440101122,-5.0,805
crosswind,0.5,46,-9.355405441540219,-6.0,805
crosswind,0.5,47,-9.349045053056587,-7.0,805
crosswind,0.5,48,-9.213168339054583,-8.0,805
crosswind,0.5,49,-9.0,-8.753702776514121,805
crosswind,0.5,50,-8.929724932900402,-9.0,805
crosswind,0.5,51,-8.481859845100832,-10.0,805
crosswind,0.5,52,-8.0,-10.720910044594188,805
crosswind,0.5,53,-7.777566677464387,-11.0,805
crosswind,0.5,54,-7.0,-11.790972893423891,805
crosswind,0.5,55,-6.7353494207532565,-12.0,805
crosswind,0.5,56,-6.0,-12.547559042640657,805
crosswind,0.5,57,-5.188097486512546,-13.0,805
crosswind,0.5,58,-5.0,-13.107897903746933,805
crosswind,0.5,59,-4.0,-13.566292172184905,805
crosswind,0.5,60,-3.0,-13.881786687821373,805
crosswind,0.5,61,-2.4130555881119475,-14.0,805
crosswind,0.5,62,-2.0,-14.097014732510452,805
crosswind,0.6,0,-4.0,-18.131954787422437,805
crosswind,0.6,1,-3.0,-18.426414196148826,805
crosswind,0.6,2,-2.0,-18.6275415615374,805
crosswind,0.6,3,-1.0,-18.73635797272026,805
crosswind,0.6,4,0.0,-18.747852814525984,805
crosswind,0.6,5,1.0,-18.648658925758,805
crosswind,0.6,6,2.0,-18.41355051842428,805
crosswind,0.6,7,3.0,-18.0,805
crosswind,0.6,8,3.0,-18.0,805
crosswind,0.6,9,4.0,-17.431037311722886,805
crosswind,0.6,10,4.523286514252872,-17.0,805
crosswind,0.6,11,5.0,-16.59696899447199,805
crosswind,0.6,12,5.536744170225955,-16.0,805
crosswind,0.6,13,6.0,-15.432804376696115,805
crosswind,0.6,14,6.293224481423005,-15.0,805
crosswind,0.6,15,6.880549542419418,-14.0,805
crosswind,0.6,16,7.0,-13.766141434827324,805
crosswind,0.6,17,7.3605406925730135,-13.0,805
crosswind,0.6,18,7.73726759538788,-12.0,805
crosswind,0.6,19,8.0,-11.0705218366089,805
crosswind,0.6,20,8.02069749321848,-11.0,805
crosswind,0.6,21,8.266847646788076,-10.0,805
crosswind,0.6,22,8.432222255627888,-9.0,805
crosswind,0.6,23,8.513723424932044,-8.0,805
crosswind,0.6,24,8.504352557973014,-7.0,805
crosswind,0.6,25,8.393687424237374,-6.0,805
crosswind,0.6,26,8.155288440000273,-5.0,805
crosswind,0.6,27,8.0,-4.61865737193503,805
crosswind,0.6,28,7.814683364366261,-4.0,805
crosswind,0.6,29,7.2823902242260345,-3.0,805
crosswind,0.6,30,7.0,-2.674445366227276,805
crosswind,0.6,31,6.4500398972913295,-2.0,805
crosswind,0.6,32,6.0,-1.6518195950067593,805
crosswind,0.6,33,5.0,-1.0344005175290218,805
crosswind,0.6,34,4.937394619312736,-1.0,805
crosswind,0.6,35,4.0,-0.5518013112072423,805
crosswind,0.6,36,3.0,-0.24622219836311177,805
crosswind,0.6,37,2.0,-0.04287296557448428,805
crosswind,0.6,38,1.818071565276611,0.0,805
crosswind,0.6,39,1.0,0.3368505680524544,805
crosswind,0.6,40,0.0,0.6703725698231672,805
crosswind,0.6,41,-1.0,0.8627566006021388,805
crosswind,0.6,42,-2.0,0.9874069496672822,805
crosswind,0.6,43,-2.116904719881789,1.0,805
crosswind,0.6,44,-3.0,1.2707888685256465,805
crosswind,0.6,45,-4.0,1.4374479186380076,805
crosswind,0.6,46,-5.0,1.4748929855670614,805
crosswind,0.6,47,-6.0,1.3648069573927346,805
crosswind,0.6,48,-7.0,1.0557169419871397,805
crosswind,0.6,49,-7.129477202307029,1.0,805
crosswind,0.6,50,-8.0,0.5661922908406128,805
crosswind,0.6,51,-8.765010159425229,0.0,805
crosswind,0.6,52,-9.0,-0.24387802993499585,805
crosswind,0.6,53,-9.705670272653968,-1.0,805
crosswind,0.6,54,-10.0,-1.4683978792443306,805
crosswind,0.6,55,-10.37586979429833,-2.0,805
crosswind,0.6,56,-10.870507373982358,-3.0,805
crosswind,0.6,57,-11.0,-3.3640298731212934,805
crosswind,0.6,58,-11.28447681390046,-4.0,805
crosswind,0.6,59,-11.6116245080397,-5.0,805
crosswind,0.6,60,-11.843777369496955,-6.0,805
crosswind,0.6,61,-11.99979026041236,-7.0,805
crosswind,0.6,62,-12.0,-7.0025025127589835,805
crosswind,0.6,63,-12.111374459681588,-8.0,805
crosswind,0.6,64,-12.133991636657255,-9.0,805
crosswind,0.6,65,-12.061435865446928,-10.0,805
crosswind,0.6,66,-12.0,-10.355294932160657,805
crosswind,0.6,67,-11.892106241902859,-11.0,805
crosswind,0.6,68,-11.597796849171253,-12.0,805
crosswind,0.6,69,-11.129958947729953,-13.0,805
crosswind,0.6,70,-11.0,-13.218946164385082,805
crosswind,0.6,71,-10.480131982120877,-14.0,805
crosswind,0.6,72,-10.0,-14.571214451482708,805
crosswind,0.6,73,-9.569131618904866,-15.0,805
crosswind,0.6,74,-9.0,-15.50448278778363,805
crosswind,0.6,75,-8.31805074982461,-16.0,805
crosswind,0.6,76,-8.0,-16.225268964236943,805
crosswind,0.6,77,-7.0,-16.82810884250715,805
crosswind,0.6,78,-6.657906933269161,-17.0,805
crosswind,0.6,79,-6.0,-17.34733600610436,805
crosswind,0.6,80,-5.0,-17.778301993887222,805
crosswind,0.6,81,-4.350527999466844,-18.0,805
crosswind,0.6,82,-4.0,-18.131954787422437,805
crosswind,0.7000000000000001,0,-4.0,-25.269341825410056,805
crosswind,0.7000000000000001,1,-3.0,-25.546992969193674,805
crosswind,0.7000000000000001,2,-2.0,-25.757647725987685,805
crosswind,0.7000000000000001,3,-1.0,-25.899779446099917,805
crosswind,0.7000000000000001,4,0.0,-25.969062515533377,805
crosswind,0.7000000000000001,5,1.0,-25.95738149936344,805
crosswind,0.7000000000000001,6,2.0,-25.851420658730063,805
crosswind,0.7000000000000001,7,3.0,-25.6305760236419,805
crosswind,0.7000000000000001,8,4.0,-25.2638467414632,805
crosswind,0.7000000000000001,9,4.494631130800482,-25.0,805
crosswind,0.7000000000000001,10,5.0,-24.73730525646846,805
crosswind,0.7000000000000001,11,6.0,-24.0,805
crosswind,0.7000000000000001,12,6.0,-24.0,805
crosswind,0.7000000000000001,13,6.999999999999999,-23.024562040387778,805
crosswind,0.7000000000000001,14,7.020277288818734,-23.0,805
crosswind,0.7000000000000001,15,7.805258705753893,-22.0,805
crosswind,0.7000000000000001,16,8.0,-21.72612078471346,805
crosswind,0.7000000000000001,17,8.44642996499693,-21.0,805
crosswind,0.7000000000000001,18,8.974161318536808,-20.0,805
crosswind,0.7000000000000001,19,9.0,-19.947273418134664,805
crosswind,0.7000000000000001,20,9.431432416815799,-19.0,805
crosswind,0.7000000000000001,21,9.81078045267526,-18.0,805
crosswind,0.7000000000000001,22,10.0,-17.41755401758268,805
crosswind,0.7000000000000001,23,10.135684276604,-17.0,805
crosswind,0.7000000000000001,24,10.421687780857338,-16.0,805
crosswind,0.7000000000000001,25,10.652656217321987,-15.0,805
crosswind,0.7000000000000001,26,10.834361485603292,-14.0,805
crosswind,0.7000000000000001,27,10.972339012165898,-13.0,805
crosswind,0.7000000000000001,28,11.0,-12.735036536841205,805
crosswind,0.7000000000000001,29,11.088721030242766,-12.0,805
crosswind,0.7000000000000001,30,11.164488306412006,-11.0,805
crosswind,0.7000000000000001,31,11.186642194042399,-10.0,805
crosswind,0.7000000000000001,32,11.147518317250062,-9.0,805
crosswind,0.7000000000000001,33,11.038920821130816,-8.0,805
crosswind,0.7000000000000001,34,11.0,-7.790382480313256,805
crosswind,0.7000000000000001,35,10.894854096105139,-7.0,805
crosswind,0.7000000000000001,36,10.694650982152123,-6.0,805
crosswind,0.7000000000000001,37,10.39217610896867,-5.0,805
crosswind,0.7000000000000001,38,10.0,-4.162064497375367,805
crosswind,0.7000000000000001,39,9.94173786758262,-4.0,805
crosswind,0.7000000000000001,40,9.398130540388845,-3.0,805
crosswind,0.7000000000000001,41,9.0,-2.537569586896973,805
crosswind,0.7000000000000001,42,8.567357904484318,-2.0,805
crosswind,0.7000000000000001,43,8.0,-1.5384337369822236,805
crosswind,0.7000000000000001,44,7.209475324834777,-1.0,805
crosswind,0.7000000000000001,45,7.0,-0.8879064704753162,805
crosswind,0.7000000000000001,46,6.0,-0.4081106852947489,805
crosswind,0.7000000000000001,47,5.0,-0.11392660678462596,805
crosswind,0.7000000000000001,48,4.430660332621947,0.0,805
crosswind,0.7000000000000001,49,4.0,0.13049582467249726,805
crosswind,0.7000000000000001,50,3.0,0.3896904477579845,805
crosswind,0.7000000000000001,51,2.0,0.5969233527950473,805
crosswind,0.7000000000000001,52,1.0,0.7935510113017014,805
crosswind,0.7000000000000001,53,0.0,0.9564066707270239,805
crosswind,0.7000000000000001,54,-0.30418837107929086,1.0,805
crosswind,0.7000000000000001,55,-1.0,1.3367623463626574,805
crosswind,0.7000000000000001,56,-2.0,1.637330693315747,805
crosswind,0.7000000000000001,57,-3.0,1.8377181800716222,805
crosswind,0.7000000000000001,58,-4.0,1.996753342963835,805
crosswind,0.7000000000000001,59,-4.029672375290933,2.0,805
crosswind,0.7000000000000001,60,-5.0,2.273518173146241,805
crosswind,0.7000000000000001,61,-6.0,2.374407391661161,805
crosswind,0.7000000000000001,62,-7.0,2.336056617433962,805
crosswind,0.7000000000000001,63,-8.0,2.1442421189827803,805
crosswind,0.7000000000000001,64,-8.44396278892999,2.0,805
crosswind,0.7000000000000001,65,-9.0,1.8250395890551065,805
crosswind,0.7000000000000001,66,-10.0,1.3355234145619495,805
crosswind,0.7000000000000001,67,-10.5187142167906,1.0,805
crosswind,0.7000000000000001,68,-11.0,0.6203540277993735,805
crosswind,0.7000000000000001,69,-11.698447872860275,0.0,805
crosswind,0.7000000000000001,70,-12.0,-0.35099454340028,805
crosswind,0.7000000000000001,71,-12.575352413691334,-1.0,805
crosswind,0.7000000000000001,72,-13.0,-1.6374582107657887,805
crosswind,0.7000000000000001,73,-13.26832873074304,-2.0,805
crosswind,0.7000000000000001,74,-13.85127791722249,-3.0,805
crosswind,0.7000000000000001,75,-14.0,-3.3246922162311745,805
crosswind,0.7000000000000001,76,-14.369361741167788,-4.0,805
crosswind,0.7000000000000001,77,-14.799222389285191,-5.0,805
crosswind,0.7000000000000001,78,-15.0,-5.5796495016042105,805
crosswind,0.7000000000000001,79,-15.178134932492243,-6.0,805
crosswind,0.7000000000000001,80,-15.526499100737603,-7.0,805
crosswind,0.7000000000000001,81,-15.801590573455561,-8.0,805
crosswind,0.7000000000000001,82,-16.0,-8.918644418008046,805
crosswind,0.7000000000000001,83,-16.02186509401879,-9.0,805
crosswind,0.7000000000000001,84,-16.22666309449723,-10.0,805
crosswind,0.7000000000000001,85,-16.37245465327865,-11.0,805
crosswind,0.7000000000000001,86,-16.46169487496082,-12.0,805
crosswind,0.7000000000000001,87,-16.490431019845953,-13.0,805
crosswind,0.7000000000000001,88,-16.4483127362461,-14.0,805
crosswind,0.7000000000000001,89,-16.318916398743614,-15.0,805
crosswind,0.7000000000000001,90,-16.080766618182064,-16.0,805
crosswind,0.7000000000000001,91,-16.0,-16.239432554639993,805
crosswind,0.7000000000000001,92,-15.72987844342282,-17.0,805
crosswind,0.7000000000000001,93,-15.227909786460902,-18.0,805
crosswind,0.7000000000000001,94,-15.0,-18.364338493138433,805
crosswind,0.7000000000000001,95,-14.560633429936392,-19.0,805
crosswind,0.7000000000000001,96,-14.0,-19.670170851273742,805
crosswind,0.7000000000000001,97,-13.6812508208609,-20.0,805
crosswind,0.7000000000000001,98,-13.0,-20.62567080404446,805
crosswind,0.7000000000000001,99,-12.519171882867916,-21.0,805
crosswind,0.7000000000000001,100,-12.0,-21.38595955075781,805
crosswind,0.7000000000000001,101,-11.051121491297703,-22.0,805
crosswind,0.7000000000000001,102,-11.0,-22.03315779698779,805
crosswind,0.7000000000000001,103,-10.0,-22.638967044441525,805
crosswind,0.7000000000000001,104,-9.32188003013215,-23.0,805
crosswind,0.7000000000000001,105,-9.0,-23.17807486990636,805
crosswind,0.7000000000000001,106,-8.0,-23.685060276145716,805
crosswind,0.7000000000000001,107,-7.2955036409770075,-24.0,805
crosswind,0.7000000000000001,108,-7.000000000000001,-24.140489517288863,805
crosswind,0.7000000000000001,109,-6.0,-24.569724445874257,805
crosswind,0.7000000000000001,110,-5.0,-24.933643784819566,805
crosswind,0.7000000000000001,111,-4.7878391894821135,-25.0,805
crosswind,0.7000000000000001,112,-4.0,-25.269341825410056,805
crosswind,0.8,0,0.0,-40.05721303310652,805
crosswind,0.8,1,1.0,-40.188725107113875,805
crosswind,0.8,2,2.0,-40.25362948650778,805
crosswind,0.8,3,3.0,-40.24394871326839,805
crosswind,0.8,4,4.0,-40.14907308903492,805
crosswind,0.8,5,4.772889566476684,-40.0,805
crosswind,0.8,6,5.0,-39.95839524166962,805
crosswind,0.8,7,6.0,-39.669575296888276,805
crosswind,0.8,8,6.999999999999999,-39.244935668896865,805
crosswind,0.8,9,7.428538982560743,-39.0,805
crosswind,0.8,10,8.0,-38.67454358213385,805
crosswind,0.8,11,8.894555437065767,-38.0,805
crosswind,0.8,12,9.0,-37.91897476762972,805
crosswind,0.8,13,9.949417453757857,-37.0,805
crosswind,0.8,14,10.0,-36.948797202695346,805
crosswind,0.8,15,10.776701033961093,-36.0,805
crosswind,0.8,16,11.0,-35.70616855129792,805
crosswind,0.8,17,11.462524187013662,-35.0,805
crosswind,0.8,18,12.0,-34.086002994787655,805
crosswind,0.8,19,12.045248367898157,-34.0,805
crosswind,0.8,20,12.545001238033077,-33.0,805
crosswind,0.8,21,12.978441109282334,-32.0,805
crosswind,0.8,22,13.0,-31.9472190030177,805
crosswind,0.8,23,13.364893421909171,-31.0,805
crosswind,0.8,24,13.702782510072637,-30.0,805
crosswind,0.8,25,13.996365592334001,-29.0,805
crosswind,0.8,26,14.0,-28.986805051702984,805
crosswind,0.8,27,14.270867065210496,-28.0,805
crosswind,0.8,28,14.511356931956591,-27.0,805
crosswind,0.8,29,14.72064346485936,-26.0,805
crosswind,0.8,30,14.901436353620868,-25.0,805
crosswind,0.8,31,15.0,-24.378992161613574,805
crosswind,0.8,32,15.064026876013362,-24.0,805
crosswind,0.8,33,15.214995188635866,-23.0,805
crosswind,0.8,34,15.342691105654911,-22.0,805
crosswind,0.8,35,15.448322364197654,-21.0,805
crosswind,0.8,36,15.533242712877163,-20.0,805
crosswind,0.8,37,15.59892444025646,-19.0,805
crosswind,0.8,38,15.646483960289212,-18.0,805
crosswind,0.8,39,15.676233964848894,-17.0,805
crosswind,0.8,40,15.687560583687668,-16.0,805
crosswind,0.8,41,15.678652281256813,-15.0,805
crosswind,0.8,42,15.646599440078308,-14.0,805
crosswind,0.8,43,15.5882175425304,-13.0,805
crosswind,0.8,44,15.50058240967228,-12.0,805
crosswind,0.8,45,15.380618810600666,-11.0,805
crosswind,0.8,46,15.223640447964224,-10.0,805
crosswind,0.8,47,15.021426444336004,-9.0,805
crosswind,0.8,48,15.0,-8.913523291739901,805
crosswind,0.8,49,14.827251206434447,-8.0,805
crosswind,0.8,50,14.584808900428346,-7.0,805
crosswind,0.8,51,14.261051674256743,-6.0,805
crosswind,0.8,52,14.0,-5.399271478510591,805
crosswind,0.8,53,13.862603900234397,-5.0,805
crosswind,0.8,54,13.384694072155774,-4.0,805
crosswind,0.8,55,13.0,-3.4355777759581154,805
crosswind,0.8,56,12.743477957026068,-3.0,805
crosswind,0.8,57,12.0,-2.146335852126538,805
crosswind,0.8,58,11.88050912616962,-2.0,805
crosswind,0.8,59,11.0,-1.252343482422404,805
crosswind,0.8,60,10.670349120283033,-1.0,805
crosswind,0.8,61,10.0,-0.6108061045470565,805
crosswind,0.8,62,9.0,-0.16841809952609532,805
crosswind,0.8,63,8.494488101833735,0.0,805
crosswind,0.8,64,8.0,0.17571268462567338,805
crosswind,0.8,65,7.0,0.4697797136567235,805
crosswind,0.8,66,6.0,0.670764402913435,805
crosswind,0.8,67,5.0,0.8048994402618111,805
crosswind,0.8,68,4.0,0.8890375540570523,805
crosswind,0.8,69,3.0,0.9392404595501046,805
crosswind,0.8,70,2.0,0.9807216488162845,805
crosswind,0.8,71,1.7599086870771272,1.0,805
crosswind,0.8,72,1.0,1.2604546425865704,805
crosswind,0.8,73,0.0,1.635964099182167,805
crosswind,0.8,74,-1.0,1.8559794497118522,805
crosswind,0.8,75,-1.9711145839322202,2.0,805
crosswind,0.8,76,-2.0,2.0192083351533094,805
crosswind,0.8,77,-3.0,2.587697645775666,805
crosswind,0.8,78,-4.0,2.863902060380002,805
crosswind,0.8,79,-4.715472035801157,3.0,805
crosswind,0.8,80,-5.0,3.150838375250503,805
crosswind,0.8,81,-6.0,3.486168595742214,805
crosswind,0.8,82,-7.0,3.6627206358194018,805
crosswind,0.8,83,-8.0,3.745389764299616,805
crosswind,0.8,84,-9.0,3.743237652082579,805
crosswind,0.8,85,-10.0,3.6435880295038854,805
crosswind,0.8,86,-11.0,3.421075576012656,805
crosswind,0.8,87,-11.999999999999998,3.0422576140317865,805
crosswind,0.8,88,-12.093824947776643,3.0,805
crosswind,0.8,89,-13.0,2.597020622223968,805
crosswind,0.8,90,-13.945497640138257,2.0,805
crosswind,0.8,91,-14.0,1.9621751321327638,805
crosswind,0.8,92,-15.0,1.2130318963191622,805
crosswind,0.8,93,-15.257695422891931,1.0,805
crosswind,0.8,94,-16.0,0.29106358157373396,805
crosswind,0.8,95,-16.29878658980236,0.0,805
crosswind,0.8,96,-17.0,-0.8109429409524944,805
crosswind,0.8,97,-17.169745952862634,-1.0,805
crosswind,0.8,98,-17.934626482031426,-2.0,805
crosswind,0.8,99,-18.0,-2.099581555442984,805
crosswind,0.8,100,-18.653204229182656,-3.0,805
crosswind,0.8,101,-19.0,-3.574575703043852,805
crosswind,0.8,102,-19.287451002436732,-4.0,805
crosswind,0.8,103,-19.868860817992644,-5.0,805
crosswind,0.8,104,-20.0,-5.25814071052123,805
crosswind,0.8,105,-20.43132951856266,-6.0,805
crosswind,0.8,106,-20.9247812367014,-7.0,805
crosswind,0.8,107,-21.0,-7.1700341177579485,805
crosswind,0.8,108,-21.424039015863254,-8.0,805
crosswind,0.8,109,-21.86391210117666,-9.0,805
crosswind,0.8,110,-22.0,-9.348335194148671,805
crosswind,0.8,111,-22.295432432919448,-10.0,805
crosswind,0.8,112,-22.69188664972924,-11.0,805
crosswind,0.8,113,-23.0,-11.893963302775859,805
crosswind,0.8,114,-23.04244623134059,-12.0,805
crosswind,0.8,115,-23.399785118788387,-13.0,805
crosswind,0.8,116,-23.71063251172962,-14.0,805
crosswind,0.8,117,-23.98268057646063,-15.0,805
crosswind,0.8,118,-24.0,-15.07274501736894,805
crosswind,0.8,119,-24.256636363409513,-16.0,805
crosswind,0.8,120,-24.49396636672406,-17.0,805
crosswind,0.8,121,-24.693865737149245,-18.0,805
crosswind,0.8,122,-24.856195340342477,-19.0,805
crosswind,0.8,123,-24.97819697567617,-20.0,805
crosswind,0.8,124,-25.0,-20.299726935223816,805
crosswind,0.8,125,-25.059069141121423,-21.0,805
crosswind,0.8,126,-25.08060411727631,-22.0,805
crosswind,0.8,127,-25.03026395084179,-23.0,805
crosswind,0.8,128,-25.0,-23.239534471815595,805
crosswind,0.8,129,-24.901005947859645,-24.0,805
crosswind,0.8,130,-24.67739092791384,-25.0,805
crosswind,0.8,131,-24.3415756969583,-26.0,805
crosswind,0.8,132,-24.0,-26.75446223081765,805
crosswind,0.8,133,-23.879643547411806,-27.0,805
crosswind,0.8,134,-23.27840767759573,-28.0,805
crosswind,0.8,135,-23.0,-28.386708876027242,805
crosswind,0.8,136,-22.512715032063383,-29.0,805
crosswind,0.8,137,-22.0,-29.563503989925415,805
crosswind,0.8,138,-21.55390504417568,-30.0,805
crosswind,0.8,139,-21.0,-30.491084615568802,805
crosswind,0.8,140,-20.332531277678115,-30.999999999999996,805
crosswind,0.8,141,-20.0,-31.23783423649133,805
crosswind,0.8,142,-19.0,-31.869298640338705,805
crosswind,0.8,143,-18.77550087025763,-32.0,805
crosswind,0.8,144,-18.0,-32.45404687752812,805
crosswind,0.8,145,-17.0,-33.0,805
crosswind,0.8,146,-17.0,-33.0,805
crosswind,0.8,147,-16.0,-33.55121969325668,805
crosswind,0.8,148,-15.136530122820389,-34.0,805
crosswind,0.8,149,-15.0,-34.07347314254397,805
crosswind,0.8,150,-14.0,-34.604029698471386,805
crosswind,0.8,151,-13.216707514513583,-35.0,805
crosswind,0.8,152,-13.0,-35.11415457503061,805
crosswind,0.8,153,-12.0,-35.62887170656338,805
crosswind,0.8,154,-11.236580451281817,-36.0,805
crosswind,0.8,155,-11.0,-36.12015346423402,805
crosswind,0.8,156,-10.0,-36.60923476914114,805
crosswind,0.8,157,-9.139481769568942,-37.0,805
crosswind,0.8,158,-9.000000000000002,-37.066417051549784,805
crosswind,0.8,159,-8.0,-37.52093050617965,805
crosswind,0.8,160,-7.0,-37.93633174389415,805
crosswind,0.8,161,-6.83630949976982,-38.0,805
crosswind,0.8,162,-6.0,-38.344147691481986,805
crosswind,0.8,163,-5.0,-38.71754575055956,805
crosswind,0.8,164,-4.155414132925889,-39.0,805
crosswind,0.8,165,-4.0,-39.0553537668408,805
crosswind,0.8,166,-3.0,-39.37582719682858,805
crosswind,0.8,167,-2.0,-39.65036688538412,805
crosswind,0.8,168,-1.0,-39.87684732221159,805
crosswind,0.8,169,-0.2999113208792554,-40.0,805
crosswind,0.8,170,0.0,-40.05721303310652,805
crosswind,0.9,0,6.0,-82.05815452719955,805
crosswind,0.9,1,7.0,-82.21048416679056,805
crosswind,0.9,2,8.0,-82.31408840600724,805
crosswind,0.9,3,9.0,-82.36535087798347,805
crosswind,0.9,4,10.0,-82.360037553735,805
crosswind,0.9,5,11.0,-82.29312545518658,805
crosswind,0.9,6,12.0,-82.15857501534967,805
crosswind,0.9,7,12.76084779824195,-82.0,805
crosswind,0.9,8,13.0,-81.95105037987135,805
crosswind,0.9,9,14.0,-81.66870184571182,805
crosswind,0.9,10,14.999999999999998,-81.29380127075223,805
crosswind,0.9,11,15.618893880967029,-81.0,805
crosswind,0.9,12,16.0,-80.81887777590164,805
crosswind,0.9,13,17.0,-80.23284418306498,805
crosswind,0.9,14,17.329469414356833,-80.0,805
crosswind,0.9,15,18.0,-79.51754917489362,805
crosswind,0.9,16,18.602067464756313,-79.0,805
crosswind,0.9,17,19.0,-78.64789817571696,805
crosswind,0.9,18,19.62516647800369,-78.0,805
crosswind,0.9,19,20.0,-77.59511552220593,805
crosswind,0.9,20,20.478739125189627,-77.0,805
crosswind,0.9,21,21.0,-76.31496160088949,805
crosswind,0.9,22,21.211686630129403,-76.0,805
crosswind,0.9,23,21.846918433396688,-75.0,805
crosswind,0.9,24,22.0,-74.745109281696,805
crosswind,0.9,25,22.40275332543908,-74.0,805
crosswind,0.9,26,22.900359587511968,-73.0,805
crosswind,0.9,27,23.0,-72.7884510004633,805
crosswind,0.9,28,23.34067470036779,-72.0,805
crosswind,0.9,29,23.737729959647638,-71.0,805
crosswind,0.9,30,24.0,-70.28184202835973,805
crosswind,0.9,31,24.0963015625816,-70.0,805
crosswind,0.9,32,24.418863752211255,-69.0,805
crosswind,0.9,33,24.711779692081727,-68.0,805
crosswind,0.9,34,24.977178976317415,-67.0,805
crosswind,0.9,35,25.0,-66.90897622147084,805
crosswind,0.9,36,25.219382308307388,-66.0,805
crosswind,0.9,37,25.439500821384335,-65.0,805
crosswind,0.9,38,25.638939993960342,-64.0,805
crosswind,0.9,39,25.81916658675648,-63.0,805
crosswind,0.9,40,25.981551113564958,-62.0,805
crosswind,0.9,41,26.0,-61.87801397709686,805
crosswind,0.9,42,26.13237949807464,-61.0,805
crosswind,0.9,43,26.269005494858117,-60.0,805
crosswind,0.9,44,26.39178252376503,-59.0,805
crosswind,0.9,45,26.501646457042874,-58.0,805
crosswind,0.9,46,26.599467672698815,-57.0,805
crosswind,0.9,47,26.686054469534085,-56.0,805
crosswind,0.9,48,26.762156241543416,-55.0,805
crosswind,0.9,49,26.828466412309304,-54.0,805
crosswind,0.9,50,26.885625128064653,-53.0,805
crosswind,0.9,51,26.934221705909522,-52.0,805
crosswind,0.9,52,26.97479683133591,-51.0,805
crosswind,0.9,53,27.0,-50.24234698482162,805
crosswind,0.9,54,27.00859053496828,-50.0,805
crosswind,0.9,55,27.037179412509467,-49.0,805
crosswind,0.9,56,27.058632253418672,-48.0,805
crosswind,0.9,57,27.07326259190565,-47.0,805
crosswind,0.9,58,27.08134349692508,-46.0,805
crosswind,0.9,59,27.083107602994218,-45.0,805
crosswind,0.9,60,27.07874686626578,-44.0,805
crosswind,0.9,61,27.06841214126322,-43.0,805
crosswind,0.9,62,27.052212766075236,-42.0,805
crosswind,0.9,63,27.03021648099382,-41.0,805
crosswind,0.9,64,27.002450187401795,-40.0,805
crosswind,0.9,65,27.0,-39.92769531330814,805
crosswind,0.9,66,26.97282256126226,-39.0,805
crosswind,0.9,67,26.93865774943141,-38.0,805
crosswind,0.9,68,26.899655843708036,-37.0,805
crosswind,0.9,69,26.85580084260798,-36.0,805
crosswind,0.9,70,26.80705924666531,-35.0,805
crosswind,0.9,71,26.75336770482094,-34.0,805
crosswind,0.9,72,26.69460922090899,-33.0,805
crosswind,0.9,73,26.63058882797969,-32.0,805
crosswind,0.9,74,26.561026874941305,-31.0,805
crosswind,0.9,75,26.485576178404983,-30.0,805
crosswind,0.9,76,26.403845704912236,-29.0,805
crosswind,0.9,77,26.3154062287253,-28.0,805
crosswind,0.9,78,26.219745428213507,-27.0,805
crosswind,0.9,79,26.116165755446698,-26.0,805
crosswind,0.9,80,26.003677294445716,-25.0,805
crosswind,0.9,81,26.0,-24.96975332534943,805
crosswind,0.9,82,25.901714265003662,-24.0,805
crosswind,0.9,83,25.791709485257662,-23.0,805
crosswind,0.9,84,25.672066833169122,-22.0,805
crosswind,0.9,85,25.541779206600793,-21.0,805
crosswind,0.9,86,25.399747421649078,-20.0,805
crosswind,0.9,87,25.244675998809818,-19.0,805
crosswind,0.9,88,25.074876047176353,-18.0,805
crosswind,0.9,89,25.0,-17.593049028726227,805
crosswind,0.9,90,24.909893976231125,-17.0,805
crosswind,0.9,91,24.74394816595675,-16.0,805
crosswind,0.9,92,24.559801557317034,-15.0,805
crosswind,0.9,93,24.354166718006717,-14.0,805
crosswind,0.9,94,24.122742928306312,-13.0,805
crosswind,0.9,95,24.0,-12.523631820953096,805
crosswind,0.9,96,23.88836170983584,-12.0,805
crosswind,0.9,97,23.646656793615712,-11.0,805
crosswind,0.9,98,23.361322139932327,-10.0,805
crosswind,0.9,99,23.015813548743104,-9.0,805
crosswind,0.9,100,23.0,-8.960687958067439,805
crosswind,0.9,101,22.67551112782862,-8.0,805
crosswind,0.9,102,22.250075865713107,-7.0,805
crosswind,0.9,103,22.0,-6.515130678908095,805
crosswind,0.9,104,21.771824214915952,-6.0,805
crosswind,0.9,105,21.2235599954676,-5.0,805
crosswind,0.9,106,21.0,-4.6651304468362405,805
crosswind,0.9,107,20.604445101673797,-4.0,805
crosswind,0.9,108,20.0,-3.223683013158207,805
crosswind,0.9,109,19.840497376091754,-3.0,805
crosswind,0.9,110,19.0,-2.108130054852361,805
crosswind,0.9,111,18.90195125600311,-2.0,805
crosswind,0.9,112,18.0,-1.2378868641009948,805
crosswind,0.9,113,17.703615578550213,-1.0,805
crosswind,0.9,114,17.0,-0.5471729356611251,805
crosswind,0.9,115,16.0,-0.021611655432874022,805
crosswind,0.9,116,15.957154926724392,0.0,805
crosswind,0.9,117,15.0,0.4257817011201459,805
crosswind,0.9,118,14.0,0.7515567905813078,805
crosswind,0.9,119,13.0,0.9782028910284888,805
crosswind,0.9,120,12.888172679790909,1.0,805
crosswind,0.9,121,12.000000000000002,1.2247861437591379,805
crosswind,0.9,122,11.0,1.4160917614167166,805
crosswind,0.9,123,10.0,1.5548778797430396,805
crosswind,0.9,124,9.0,1.6539349191924277,805
crosswind,0.9,125,8.0,1.723056853433257,805
crosswind,0.9,126,7.0,1.7724044838980304,805
crosswind,0.9,127,6.0,1.8115164557886199,805
crosswind,0.9,128,5.0,1.8424954961235969,805
crosswind,0.9,129,4.0,1.8599306035324747,805
crosswind,0.9,130,3.0,1.8615092520123766,805
crosswind,0.9,131,2.0,1.8646199679574043,805
crosswind,0.9,132,1.0,1.9115434347160383,805
crosswind,0.9,133,0.0,1.9887449300593587,805
crosswind,0.9,134,-0.09552970703536512,2.0,805
crosswind,0.9,135,-1.0,2.6763861788368537,805
crosswind,0.9,136,-2.0,2.944473095102209,805
crosswind,0.9,137,-2.2555196956254244,3.0,805
crosswind,0.9,138,-3.0,3.5679879760916657,805
crosswind,0.9,139,-4.0,3.926507258628795,805
crosswind,0.9,140,-4.2830331798680845,4.0,805
crosswind,0.9,141,-5.0,4.509482124152266,805
crosswind,0.9,142,-6.0,4.895233255228206,805
crosswind,0.9,143,-6.376087731424374,5.0,805
crosswind,0.9,144,-7.0,5.398989342104805,805
crosswind,0.9,145,-8.0,5.795310347227033,805
crosswind,0.9,146,-8.773668126322875,6.0,805
crosswind,0.9,147,-9.0,6.120815284259848,805
crosswind,0.9,148,-10.0,6.477710893131874,805
crosswind,0.9,149,-11.0,6.6928325867637595,805
crosswind,0.9,150,-12.0,6.813169985093726,805
crosswind,0.9,151,-13.0,6.857077019525159,805
crosswind,0.9,152,-14.0,6.831356968213998,805
crosswind,0.9,153,-15.0,6.735755964383045,805
crosswind,0.9,154,-16.0,6.562297448666348,805
crosswind,0.9,155,-17.0,6.295494556798177,805
crosswind,0.9,156,-17.80686286956785,6.0,805
crosswind,0.9,157,-18.0,5.933818749961665,805
crosswind,0.9,158,-19.0,5.5224334237642125,805
crosswind,0.9,159,-19.953921233091318,5.0,805
crosswind,0.9,160,-20.0,4.974925342295153,805
crosswind,0.9,161,-21.0,4.388168364912486,805
crosswind,0.9,162,-21.56621995966499,4.0,805
crosswind,0.9,163,-22.0,3.696861616895215,805
crosswind,0.9,164,-22.899789819352144,3.0,805
crosswind,0.9,165,-23.0,2.9192927363259766,805
crosswind,0.9,166,-24.0,2.0805101879824286,805
crosswind,0.9,167,-24.09323640661951,2.0,805
crosswind,0.9,168,-25.000000000000004,1.177923021892521,805
crosswind,0.9,169,-25.191727648407443,1.0,805
crosswind,0.9,170,-25.999999999999996,0.20456453040862285,805
crosswind,0.9,171,-26.207420518010736,0.0,805
crosswind,0.9,172,-27.0,-0.838888210778234,805
crosswind,0.9,173,-27.154509251656464,-1.0,805
crosswind,0.9,174,-28.0,-1.9530814665811405,805
crosswind,0.9,175,-28.0428065931782,-2.0,805
crosswind,0.9,176,-28.901261801329564,-3.0,805
crosswind,0.9,177,-29.0,-3.124459168107268,805
crosswind,0.9,178,-29.729006088210973,-4.0,805
crosswind,0.9,179,-30.0,-4.354263497350098,805
crosswind,0.9,180,-30.521043448770257,-5.0,805
crosswind,0.9,181,-31.0,-5.644960467473485,805
crosswind,0.9,182,-31.279079855986552,-6.0,805
crosswind,0.9,183,-32.0,-6.9946148720351555,805
crosswind,0.9,184,-32.00414142348191,-7.000000000000001,805
crosswind,0.9,185,-32.74465221784426,-8.0,805
crosswind,0.9,186,-33.0,-8.374538107052679,805
crosswind,0.9,187,-33.45571369388768,-9.0,805
crosswind,0.9,188,-34.0,-9.810715350533725,805
crosswind,0.9,189,-34.13589634394469,-10.0,805
crosswind,0.9,190,-34.81674970917883,-11.0,805
crosswind,0.9,191,-35.0,-11.287228017517684,805
crosswind,0.9,192,-35.4884008291006,-12.0,805
crosswind,0.9,193,-36.0,-12.809433156585342,805
crosswind,0.9,194,-36.12929175831536,-13.0,805
crosswind,0.9,195,-36.77542760987947,-14.0,805
crosswind,0.9,196,-37.0,-14.371136912862353,805
crosswind,0.9,197,-37.40951943549194,-14.999999999999998,805
crosswind,0.9,198,-38.0,-15.981726897382215,805
crosswind,0.9,199,-38.011817411961445,-16.0,805
crosswind,0.9,200,-38.63628562821553,-17.0,805
crosswind,0.9,201,-39.0,-17.630236948018307,805
crosswind,0.9,202,-39.22985191535808,-18.0,805
crosswind,0.9,203,-39.816179406908844,-19.0,805
crosswind,0.9,204,-40.0,-19.33200999466373,805
crosswind,0.9,205,-40.39883389420659,-20.0,805
crosswind,0.9,206,-40.95341779939148,-21.0,805
crosswind,0.9,207,-41.0,-21.087717267973794,805
crosswind,0.9,208,-41.52278201086047,-22.0,805
crosswind,0.9,209,-42.0,-22.900311538208925,805
crosswind,0.9,210,-42.05693476043723,-23.0,805
crosswind,0.9,211,-42.60404007101457,-24.0,805
crosswind,0.9,212,-43.0,-24.7783195049618,805
crosswind,0.9,213,-43.12152820877755,-25.0,805
crosswind,0.9,214,-43.64366679047539,-26.0,805
crosswind,0.9,215,-43.99999999999999,-26.730076121394738,805
crosswind,0.9,216,-44.14193251129994,-26.999999999999996,805
crosswind,0.9,217,-44.64182157201677,-28.0,805
crosswind,0.9,218,-45.0,-28.76517362385891,805
crosswind,0.9,219,-45.11836253089928,-29.0,805
crosswind,0.9,220,-45.59797075606871,-30.0,805
crosswind,0.9,221,-46.0,-30.895924418311704,805
crosswind,0.9,222,-46.050252790524894,-31.0,805
crosswind,0.9,223,-46.51071483108962,-32.0,805
crosswind,0.9,224,-46.94140022317163,-33.0,805
crosswind,0.9,225,-47.0,-33.143255549528256,805
crosswind,0.9,226,-47.37710995236105,-34.0,805
crosswind,0.9,227,-47.78976665669019,-35.0,805
crosswind,0.9,228,-48.0,-35.54132854467922,805
crosswind,0.9,229,-48.19155179813922,-36.0,805
crosswind,0.9,230,-48.58294414436294,-37.0,805
crosswind,0.9,231,-48.9482429777479,-38.0,805
crosswind,0.9,232,-49.0,-38.15289339812527,805
crosswind,0.9,233,-49.30848448316408,-39.0,805
crosswind,0.9,234,-49.64365988551195,-40.0,805
crosswind,0.9,235,-49.95115350610679,-41.0,805
crosswind,0.9,236,-50.0,-41.178491626209,805
crosswind,0.9,237,-50.241923570034324,-42.0,805
crosswind,0.9,238,-50.50155494831571,-43.0,805
crosswind,0.9,239,-50.72620022203651,-44.0,805
crosswind,0.9,240,-50.91352703171555,-45.0,805
crosswind,0.9,241,-51.0,-45.602041823938805,805
crosswind,0.9,242,-51.061494971376554,-46.0,805
crosswind,0.9,243,-51.164377403889844,-47.0,805
crosswind,0.9,244,-51.215328790034974,-48.0,805
crosswind,0.9,245,-51.209299453667285,-49.0,805
crosswind,0.9,246,-51.14053776963451,-50.0,805
crosswind,0.9,247,-51.002563034196164,-51.0,805
crosswind,0.9,248,-51.0,-51.01277072953208,805
crosswind,0.9,249,-50.78803416587951,-52.0,805
crosswind,0.9,250,-50.48729681537678,-53.0,805
crosswind,0.9,251,-50.090259937027874,-54.0,805
crosswind,0.9,252,-50.0,-54.19011534061486,805
crosswind,0.9,253,-49.58100984181712,-55.0,805
crosswind,0.9,254,-49.0,-55.918293254986395,805
crosswind,0.9,255,-48.94294092519874,-56.0,805
crosswind,0.9,256,-48.139758026030286,-57.00000000000001,805
crosswind,0.9,257,-48.0,-57.15253656578043,805
crosswind,0.9,258,-47.117086560571245,-58.0,805
crosswind,0.9,259,-47.0,-58.10070204369823,805
crosswind,0.9,260,-46.0,-58.85658685031788,805
crosswind,0.9,261,-45.78316156972771,-59.0,805
crosswind,0.9,262,-45.0,-59.488007363238424,805
crosswind,0.9,263,-44.07324749194963,-60.0,805
crosswind,0.9,264,-44.0,-60.03931516223175,805
crosswind,0.9,265,-43.0,-60.54558206870379,805
crosswind,0.9,266,-42.0,-60.99989057521272,805
crosswind,0.9,267,-41.99973615737332,-61.0,805
crosswind,0.9,268,-41.0,-61.40531172573749,805
crosswind,0.9,269,-40.0,-61.75215437780541,805
crosswind,0.9,270,-39.19402401985384,-62.0,805
crosswind,0.9,271,-39.0,-62.06008685962253,805
crosswind,0.9,272,-38.0,-62.363471007633706,805
crosswind,0.9,273,-37.0,-62.673520629238254,805
crosswind,0.9,274,-36.0,-63.0,805
crosswind,0.9,275,-36.0,-63.0,805
crosswind,0.9,276,-35.0,-63.36360028531196,805
crosswind,0.9,277,-34.0,-63.744639985985614,805
crosswind,0.9,278,-33.359963708531225,-64.0,805
crosswind,0.9,279,-33.0,-64.14957629400837,805
crosswind,0.9,280,-32.0,-64.58478212824139,805
crosswind,0.9,281,-31.07819278929438,-65.0,805
crosswind,0.9,282,-31.0,-65.03660279073044,805
crosswind,0.9,283,-30.0,-65.52392949599196,805
crosswind,0.9,284,-29.041087550749012,-66.0,805
crosswind,0.9,285,-29.0,-66.02109725633966,805
crosswind,0.9,286,-28.0,-66.54791339439947,805
crosswind,0.9,287,-27.14300396145605,-67.0,805
crosswind,0.9,288,-27.0,-67.07760055014762,805
crosswind,0.9,289,-26.0,-67.6245133455356,805
crosswind,0.9,290,-25.305277127139224,-68.0,805
crosswind,0.9,291,-25.0,-68.16903177916109,805
crosswind,0.9,292,-24.0,-68.71796421182258,805
crosswind,0.9,293,-23.476533970816234,-69.0,805
crosswind,0.9,294,-23.0,-69.26248858665053,805
crosswind,0.9,295,-22.0,-69.80213364689739,805
crosswind,0.9,296,-21.626002552646895,-70.0,805
crosswind,0.9,297,-21.0,-70.33848865378965,805
crosswind,0.9,298,-20.0,-70.86486689786467,805
crosswind,0.9,299,-19.738735900904235,-71.0,805
crosswind,0.9,300,-19.0,-71.39076362036923,805
crosswind,0.9,301,-18.0,-71.9046990405173,805
crosswind,0.9,302,-17.811946429628122,-72.0,805
crosswind,0.9,303,-17.0,-72.42121053920755,805
crosswind,0.9,304,-16.0,-72.92557964819869,805
crosswind,0.9,305,-15.850842661288244,-73.0,805
crosswind,0.9,306,-15.0,-73.43496655200785,805
crosswind,0.9,307,-14.0,-73.93275811287782,805
crosswind,0.9,308,-13.863694101360629,-74.0,805
crosswind,0.9,309,-13.0,-74.43690462603172,805
crosswind,0.9,310,-12.0,-74.92988803365391,805
crosswind,0.9,311,-11.85641543219384,-75.0,805
crosswind,0.9,312,-11.0,-75.42909362114014,805
crosswind,0.9,313,-10.0,-75.9169376062676,805
crosswind,0.9,314,-9.82750335952315,-76.0,805
crosswind,0.9,315,-9.0,-76.40910655623638,805
crosswind,0.9,316,-8.0,-76.88906224220374,805
crosswind,0.9,317,-7.76423444023879,-77.0,805
crosswind,0.9,318,-7.0,-77.3694623145534,805
crosswind,0.9,319,-6.0,-77.83663362098137,805
crosswind,0.9,320,-5.63959793377988,-78.0,805
crosswind,0.9,321,-5.0,-78.2981559032491,805
crosswind,0.9,322,-4.0,-78.74607316149084,805
crosswind,0.9,323,-3.407211028421317,-79.0,805
crosswind,0.9,324,-3.0,-79.17963215113994,805
crosswind,0.9,325,-2.0,-79.60069009735443,805
crosswind,0.9,326,-1.0,-79.99558098128209,805
crosswind,0.9,327,-0.9881528493917635,-80.0,805
crosswind,0.9,328,0.0,-80.38083268110327,805
crosswind,0.9,329,1.0,-80.73627909790743,805
crosswind,0.9,330,1.8122066364515097,-81.0,805
crosswind,0.9,331,2.0,-81.06317711899432,805
crosswind,0.9,332,3.0,-81.36811322943349,805
crosswind,0.9,333,4.0,-81.63655961028735,805
crosswind,0.9,334,5.0,-81.86647850852715,805
crosswind,0.9,335,5.705698919205562,-82.0,805
crosswind,0.9,336,6.0,-82.05815452719955,805
